"PercOracleORD","MSE-Norm","MSE-SoC","PerImpOverTO","MissclassPerc"
1,2.79108849028509e-28,10012.04,1.22238478419898,0.796
0.986722797927461,34.4799999999999,10055.25,1.12702396373057,0.6316
0.980657640232108,26.25,10055.34,1.11669890393295,0.2766
0.990684487646821,10.8800000000001,10088.9,1.12377480761442,0.7824
0.980504953659316,26.03,10083.3,1.11401406200064,0.4578
0.980061349693252,25.9499999999999,10037.27,1.11842105263158,0.279
1,2.56774224649439e-28,10075.42,1.23278008298755,0.8092
1,2.66092644092363e-28,10107.3,1.15558874782176,0.8086
0.990099813357137,10.8700000000001,10112.28,1.1230219913982,0.7826
0.982441879369208,45.4400000000001,10054.4,1.2063079174118,0.7728
1,2.81228912711291e-28,9996.44,1.14197122540103,0.7934
1,0,10036.67,1.16322937625755,0.9752
1,0,10028.52,1.14317673378076,0.9742
0.970151674912807,37.1299999999999,10103.53,1.10438802822613,0.2574
1,2.83102457361191e-28,10043.05,1.13907065352439,0.796
1,2.69100176293518e-28,10073.97,1.13997676734152,0.7994
0.981156490093004,26.0099999999998,10082.35,1.13610998786899,0.4556
1,2.74720810243217e-28,10094.28,1.13959854014599,0.8078
1,0,10040.97,1.14309401425966,0.975
0.980085463194388,26.0499999999999,10027.02,1.11908409255825,0.2808
1,2.81820558390206e-28,10039.67,1.23789856269618,0.7976
1,0,10043.99,1.13752247099199,0.9772
1,0,10068.96,1.23493528975352,0.9764
0.979004294576109,26.54,10066.34,1.11356767933832,0.442
1,0,10030.3,1.16009450871761,0.9788
0.967190867725712,61.4899999999999,10013.91,1.12493015087411,0.101
0.985746497020454,35.7199999999999,10074.57,1.14245450153004,0.7966
1,2.8044005180607e-28,10049.76,1.14127194435243,0.7894
0.972602739726027,37.2,10074.4,1.10684931506849,0.256
0.979347914464591,26.6099999999999,10063.62,1.11586307829905,0.268
1,0,9994.75,1.22750244538637,0.9734
1,0,10054.29,1.13791415048148,0.9686
0.977793927648579,26.6499999999998,10095.65,1.13259043927649,0.2752
1,0,10031.23,1.14123456790123,0.9726
1,0,10015.23,1.23265306122449,0.9756
0.980597625869832,26.1899999999998,10094.11,1.13655341792878,0.2828
1,0,10090.43,1.13675142188023,0.974
0.981107597502635,25.8999999999999,10074.78,1.11667882915754,0.4542
1,2.80045621353459e-28,10087.97,1.13948462177889,0.8006
0.98093083387201,26.53,10023.91,1.11861667744021,0.4438
0.980175678942703,26.27,10046.62,1.11660891288581,0.2694
0.986370394845531,36.1999999999999,10042.25,1.22170824384603,0.6148
1,2.65500998413447e-28,10080.83,1.13461068079902,0.8014
1,0,10059.42,1.15964155326917,0.9744
0.986299135540695,35.1199999999999,10077.32,1.14116783558963,0.628
1,2.66043340285786e-28,10062.11,1.14043300175541,0.8004
1,2.60767832982121e-28,10083.06,1.23547803192365,0.805
1,0,10049.94,1.16000986193294,0.9724
1,0,10021.66,1.14378594648662,0.9756
1,0,10031.87,1.1400032615786,0.9716
0.983224755700326,43.9200000000001,10070.24,1.12027687296417,0.7804
0.991628738621587,11.0900000000001,10049.08,1.1310955786736,0.7782
0.988596562678179,33.7999999999999,10010.48,1.14425348212104,0.6274
0.978399607265587,26.2,10050.57,1.1173294059892,0.2714
0.985164656015651,35.4799999999999,10127.5,1.13987610042387,0.7988
0.972717899912761,37.72,10084.12,1.10413196922833,0.2456
1,0,10058.71,1.15890771508472,0.9764
1,0,10100.71,1.1595194393459,0.9744
1,2.84236444912446e-28,9983.57,1.14400264528395,0.7926
1,2.78467899543017e-28,10026.32,1.23307048207463,0.795
0.989375506893755,11.7500000000001,10013.53,1.13000811030008,0.765
1,2.54851376192963e-28,10080.66,1.13888657734876,0.8122
0.975611712795828,37.6099999999999,10034.65,1.10966706778981,0.2478
1,0,10109.85,1.23926078028747,0.9768
0.976288079736356,46.98,10050.39,1.13206333895989,0.595
0.979181855002025,26.24,10071.68,1.11656541109761,0.4478
0.977569033929873,25.85,10042.61,1.11855210948255,0.461
1,0,9991.3,1.23286776116965,0.9712
0.979588530698202,26.3399999999999,10068.61,1.13534748096549,0.4476
0.986336601832503,34.9999999999999,10079.99,1.20864812731072,0.7968
0.980531966031085,25.7599999999999,10005.62,1.11929178016344,0.2794
1,2.79848406127154e-28,10046.06,1.22543305147361,0.8026
1,0,10004.1,1.14207920792079,0.9766
0.978664268781166,26.83,10088.17,1.11460802746669,0.2652
0.978552929750728,26.3899999999999,10053.04,1.13442861767562,0.4466
0.968928097431493,60.5299999999998,10004.73,1.12241392770708,0.2844
1,0,10059.8,1.23902318697583,0.9724
0.967391304347826,59.9299999999998,10011.56,1.1232941923199,0.2846
1,0,10001.64,1.2390203403902,0.9702
1,2.8325036878092e-28,10008.03,1.16679169792448,0.7948
0.992312671953391,11.0200000000001,10087.84,1.12760964557372,0.7796
0.981438515081206,26.0199999999999,10067.09,1.11392911432915,0.276
0.991900157037772,10.8300000000001,10089.48,1.13058930490123,0.7834
1,2.60176187303205e-28,10088.53,1.13905862923204,0.8098
1,2.87934230405669e-28,9984.29,1.1426001635323,0.7884
0.990923957481603,10.8400000000001,10058.15,1.22788225674571,0.7832
0.985467756584923,35.7199999999999,10082.69,1.14325819502931,0.796
0.978271251193887,26.25,10023.87,1.11652340019102,0.2794
1,2.56774224649439e-28,10104.44,1.13834911144328,0.8044
1,0,10044.67,1.15896805896806,0.9722
1,2.67966188742262e-28,10087.3,1.229521692599,0.8046
1,0,10088.85,1.2302713467762,0.9756
0.976841093036301,47.55,10028.88,1.11347063065951,0.5878
0.957860487262916,70.7499999999999,10077.39,1.18712800571383,0.2426
0.986186038907961,36.1599999999999,10056.58,1.12416217099886,0.6276
1,2.66487074544973e-28,10041.24,1.13991127177128,0.7992
1,2.62887896664902e-28,10075.67,1.1356155365372,0.8042
1,0,10020.98,1.13906961613533,0.9774
0.980003278151123,25.52,9989.21,1.12350434355024,0.462
1,2.66092644092363e-28,10065.69,1.23093324585862,0.8026
0.980035708488882,26.0699999999999,10031.88,1.11986690472326,0.4536
1,2.72748657980165e-28,10075.54,1.23475183142645,0.8014
1,0,10063.2,1.16178058300806,0.9746
0.979081881816702,26.1699999999998,9995.46,1.12143903630148,0.2712
0.980257856567284,26.1899999999999,10033.07,1.11837228041902,0.451
1,0,10077.85,1.15475900186946,0.9756
1,0,9995.79,1.14359904377215,0.9788
0.978168732506997,26.15,9993.33,1.11963214714114,0.4534
1,0,10089.33,1.22176926212801,0.9752
0.978361916973874,26.4099999999999,10008.76,1.118127905113,0.447
1,0,10025.49,1.14081615896215,0.9728
0.978740603023199,26.0599999999999,10050.05,1.11817961361248,0.273
0.980978260869565,25.7399999999999,10015.46,1.1190057544757,0.4588
1,0,10044.57,1.13853308313617,0.9744
1,0,10062.49,1.23214432144321,0.977
1,2.73192392239352e-28,10028.71,1.14117165096272,0.7996
1,0,10116.36,1.22962652119178,0.978
0.978334956183057,26.2599999999999,10052.39,1.13688737422915,0.4496
1,0,10111.66,1.13455176976513,0.9746
1,2.69839733392162e-28,10059.51,1.14063919398794,0.803
1,2.79848406127154e-28,10059.77,1.14107746885571,0.7996
1,0,10042.31,1.16012285216236,0.9744
1,0,10058.45,1.14144436133965,0.979
0.987467234600262,34.2799999999999,10026.22,1.12794888597641,0.8022
1,0,10053.12,1.14127561136814,0.973
1,0,10045.38,1.13590181256604,0.977
0.979072031148605,27.0099999999998,10078.6,1.19987021414666,0.2656
1,0,10024.32,1.23732567678425,0.9766
1,2.73340303659081e-28,9999.44,1.23625204582651,0.7966
0.979291862920253,26.0899999999999,10037.81,1.13886633100536,0.274
1,2.7708739295888e-28,10004,1.14585232452142,0.7922
1,2.87589103759635e-28,9985.03,1.22904936760506,0.7928
1,2.72748657980165e-28,10058.96,1.13808825924117,0.7978
1,2.6919878390667e-28,10106.56,1.13443935926773,0.8056
1,0,10071.99,1.22698727483061,0.9738
0.987256433445696,36.1599999999999,10028.86,1.14749650579627,0.6154
1,0,10009.19,1.14334670678703,0.975
1,2.68360619194873e-28,10054.26,1.16213037634409,0.8018
1,0,10064.23,1.13972966249274,0.9766
1,2.59535237817713e-28,10082.42,1.23040752351097,0.807
1,2.76988785345728e-28,10028.57,1.14158058698147,0.795
0.980591270166244,25.6,10089.57,1.1172713127508,0.2952
1,2.6412049182931e-28,10104.43,1.23215913800249,0.807
1,0,9994.78,1.14060070382192,0.9764
1,0,10063.53,1.23330838945705,0.9744
1,2.6919878390667e-28,10009.17,1.14655172413793,0.7948
1,2.71417455202604e-28,10010.27,1.14300969278791,0.7936
1,2.79848406127154e-28,10057.15,1.13684382933421,0.7972
0.989944858903665,11.3900000000001,10045.31,1.12504054492378,0.7722
1,0,10012.77,1.14061221149124,0.9744
1,2.59190111171679e-28,10069.68,1.13721448008576,0.8024
0.986795204147764,35.5599999999999,10057.27,1.12232663642255,0.6214
0.966450899905273,61.5199999999998,10086.64,1.11572466056205,0.0974
0.981148867313916,44.6000000000001,10048.06,1.117071197411,0.777
1,0,10052.29,1.23075653823942,0.9766
0.980078380143697,26.8299999999998,10088.77,1.13634879163945,0.268
1,0,10042.29,1.23332227016263,0.9772
1,0,10040.96,1.22749089705396,0.975
1,2.75509671148438e-28,10040.02,1.23667306248436,0.7986
0.992091316754994,11.0800000000001,10083.1,1.12702812882185,0.7784
0.980871670702179,26.2199999999999,10055.18,1.11702986279257,0.2774
1,0,10022.7,1.14458333333333,0.974
1,2.73981253144573e-28,9990.59,1.16390605686032,0.7934
0.991823186528497,11.2000000000001,10079.46,1.12661917098446,0.776
0.970249675745785,37.2999999999999,10040.02,1.11024643320363,0.254
0.98090347428388,26.0999999999999,10052.52,1.11570247933884,0.454
1,0,10026.87,1.1390977443609,0.97
1,2.69790429585586e-28,10044.69,1.14263061258554,0.7954
0.980253652271633,25.85,10010.04,1.11912024401991,0.2832
1,0,10031.77,1.15980869134988,0.9732
1,0,10019.63,1.16293665868362,0.9758
1,2.80883786065257e-28,10056.61,1.23035185794147,0.7978
1,2.56182578970524e-28,10061.79,1.16127687947991,0.8026
1,0,10014.86,1.14083590827777,0.9746
0.965760481889514,60.6899999999999,10037.16,1.10240152175636,0.105
0.989585856139501,11.2000000000001,10058.16,1.21772826350206,0.776
0.983002602472349,43.7200000000001,10087.47,1.20583929733247,0.7814
1,0,10078.55,1.22948665297741,0.9754
0.979651162790698,26.33,10012.82,1.11999354005168,0.4442
0.979948628718204,25.89,10040.25,1.12055679840915,0.2828
0.977274558787976,46.56,9981.12,1.13659440728504,0.589
0.979771115409413,26.2799999999999,10017.42,1.13902321083172,0.2722
0.97153395878438,37.6699999999999,10050.47,1.1064870499559,0.2466
1,2.66634985964702e-28,10101.94,1.13737075332349,0.8094
1,2.61507390080765e-28,10088.07,1.15554821664465,0.8086
0.979256839526337,26.6099999999999,10112.97,1.13368721927317,0.2748
1,0,10040.81,1.24265623699759,0.9724
0.968516585013252,37.2999999999999,10101.94,1.1228816962493,0.254
0.979600097142395,26.4599999999999,10012.29,1.13648506435684,0.2662
1,2.54900679999539e-28,10021.26,1.23293106298562,0.8066
0.954207529262892,165.91,10104.57,1.09245491932933,0.1
1,0,10018.28,1.1417361451692,0.9732
0.972373915836813,37.38,10017.7,1.11026341150016,0.2524
1,2.81475431744172e-28,10007.99,1.15918670964543,0.7906
0.991058977934542,10.9300000000001,10112.33,1.21647116725453,0.7814
1,0,10019.03,1.16153347382072,0.9716
0.98850008214227,33.4399999999999,9995.28,1.14917036306884,0.6306
1,2.73981253144573e-28,10023.35,1.22875978574372,0.7946
1,2.66881504997584e-28,10112.12,1.13675493973928,0.8054
0.979526035789134,26.1399999999999,10055.37,1.1175237788167,0.4548
1,0,10011.14,1.14242349659529,0.9738
0.985032894736842,35.3599999999999,10045.21,1.12467105263158,0.7966
0.978573167762357,26.3199999999999,10049.14,1.13529745962178,0.2658
0.981711718937996,26.6799999999999,10039.42,1.1341942728804,0.2656
0.991332079483196,11.4000000000001,10044.03,1.2212772916837,0.772
0.978809120941101,25.9299999999999,10025.83,1.11836274272823,0.4582
1,0,10030.07,1.14140998188107,0.98
0.971739483514699,37.68,10062.96,1.10768231281468,0.2464
0.958379578246393,71.6999999999998,10060.18,1.11384176312034,0.0832
1,0,10036.56,1.16078753076292,0.974
0.98166856770409,25.9599999999999,10043.56,1.1395633045462,0.4528
1,2.65550302220023e-28,10075.34,1.16079077429984,0.8048
0.977696674776967,25.9999999999999,10034.19,1.11849148418491,0.2732
1,0,10003.45,1.14762064343164,0.9762
1,2.81475431744172e-28,9974.01,1.23162365240118,0.7888
1,0,9994.92,1.14107815828281,0.971
0.968595173405785,37.4699999999999,10049.47,1.10548186031645,0.2506
1,2.83595495426954e-28,10015.25,1.14102249488753,0.7958
1,2.63873972796428e-28,10103.79,1.13880099916736,0.808
1,2.70628594297383e-28,10004.25,1.14364187915061,0.7938
1,0,9984.84,1.23219917012448,0.9764
0.991147567611468,11.2400000000001,10044.52,1.14967920084464,0.7752
0.980028644175684,46.9600000000001,10000.92,1.13932208784214,0.7652
0.978816596320777,25.9299999999999,10022.98,1.13745321334714,0.4532
1,2.69050872486941e-28,10061.7,1.2324467206344,0.8008
1,2.85370432463701e-28,10021.12,1.14162663574623,0.788
0.979668916747027,26.88,9996.89,1.11861137897782,0.2564
1,0,10094.59,1.15536932051598,0.9748
0.980123923714493,26.3999999999998,10070.37,1.13406292749658,0.4468
1,0,10001.73,1.23285631565886,0.9758
1,2.51449413539198e-28,10122.46,1.22895622895623,0.8104
1,0,10045.73,1.23386034255599,0.9718
1,0,10074.93,1.13800756205819,0.9766
0.981010594947025,25.45,9993.03,1.12428687856561,0.285
0.984715978749489,35.9999999999999,10085.3,1.14033510420924,0.6244
1,2.73340303659081e-28,10064.73,1.14028239202658,0.799
1,2.85567647690006e-28,10064.81,1.1584654563378,0.804
1,2.61556693887342e-28,10080.22,1.15934339247223,0.806
0.979988657538686,26.55,10089.58,1.11374868346431,0.273
0.985567177491284,33.0799999999999,10060.62,1.20522176275034,0.6368
1,0,10059.21,1.22818568214018,0.9772
0.991690197660347,11.2600000000001,10014.89,1.14973779749899,0.7748
1,0,10049.41,1.13757784333006,0.975
1,2.71762581848639e-28,10090.94,1.15463746474199,0.8054
0.988112566715187,32.8399999999999,10033.67,1.14184053048682,0.6374
0.966836328932718,61.2099999999998,10042.34,1.12048671862574,0.0918
1,0,10044.92,1.15739058629232,0.9786
0.99023290758828,10.7200000000001,10117.34,1.21854912764004,0.7856
1,0,10127.05,1.15712756320514,0.9738
1,2.67621062096228e-28,10049.04,1.1634752069571,0.7958
1,2.87342584726754e-28,10050.69,1.13983190507581,0.7926
1,0,10089.11,1.22443602832208,0.9724
1,0,10059.36,1.13996837813098,0.9768
1,0,10045.67,1.1355600814664,0.971
1,0,10017.59,1.14075406886399,0.9718
0.991076545231273,11.7000000000001,10012.2,1.13041342611543,0.766
1,0,9996.66,1.16566339572854,0.9746
0.981202398314698,46.2400000000001,9991.03,1.12275157997083,0.7688
1,2.66141947898939e-28,10075.99,1.13923108722613,0.8042
1,2.85222521043972e-28,10014.07,1.23848147838448,0.791
1,2.55196502838997e-28,10107.45,1.14034205231388,0.8126
1,2.94836763326353e-28,9927.43,1.16781076834009,0.785
1,0,10031.09,1.14178679045525,0.9744
0.990563715434479,11.2600000000001,10040.55,1.12981045376221,0.7748
0.981216888746187,26.3299999999999,10030.89,1.11807673783914,0.4498
0.981029810298103,26.7599999999999,10081.35,1.11612055514495,0.4394
1,2.68409923001449e-28,10037.91,1.22915807701822,0.7974
0.981856133590238,25.77,10002.89,1.11873795761079,0.4538
0.981256978784495,26.17,10050.87,1.11540915616526,0.2768
1,0,10006,1.23085185491201,0.9728
0.991019675075516,11.1300000000001,10037.82,1.22842681035187,0.7774
0.980309877340219,26.3599999999999,10088.47,1.13315041962556,0.2782
1,0,10033.07,1.22367555116815,0.9732
0.991691345837447,11.3800000000001,10045.47,1.13499506416584,0.7724
1,2.60521313949239e-28,10036.07,1.14217083299406,0.8054
0.980297157622739,26.32,10052.83,1.11619832041344,0.449
0.990566037735849,11.1900000000001,10076.34,1.22649712879409,0.7762
1,2.65254479380565e-28,10070.31,1.14318821387188,0.8018
1,0,10052.09,1.14035808147175,0.9728
0.971650516537199,37.6799999999999,10008.72,1.12829342516217,0.2464
1,2.54999287612692e-28,10078.7,1.22814585707309,0.808
1,2.69395999132976e-28,10044.47,1.14018615284128,0.797
1,2.54654160966658e-28,10093.93,1.15918032786885,0.8118
1,0,10047.85,1.14323850838408,0.9718
0.980448717948718,25.7899999999999,10009.69,1.11915064102564,0.4584
1,0,10087.38,1.2277736958119,0.9744
1,0,10035.28,1.16510178645617,0.9746
0.97944476291868,26.35,10078.12,1.11718941937597,0.4498
1,2.86405812401804e-28,9971.74,1.14476614699332,0.7862
0.987125162972621,34.3199999999999,10034.01,1.1265482398957,0.8042
1,0,10092.88,1.22337082368508,0.9734
0.990747445490385,11.9400000000001,9957.65,1.13315632794271,0.7612
1,0,10021.38,1.14178116205926,0.9724
0.979116658665386,26.9099999999998,10071.73,1.13210113618179,0.2678
1,0,10036.32,1.14147382241917,0.9734
1,0,10045.22,1.13819404576396,0.976
0.979891477816789,26.8299999999999,10120.69,1.10987871050112,0.4372
0.991397500405778,11.0700000000001,10048.15,1.1268462911865,0.7786
1,2.58697073105916e-28,10034.57,1.22969606377678,0.8002
0.991879255188254,11.4000000000001,10023.04,1.13477155278484,0.772
0.981200875131675,26.5599999999998,10081.26,1.11409124058018,0.2714
0.966682608002551,59.5599999999998,10006.9,1.12242945958871,0.2804
1,2.65846125059481e-28,10073.89,1.23157808264191,0.8072
1,2.6880435345406e-28,10028.6,1.14634348800531,0.7988
0.991208968465199,11.0000000000001,10050.86,1.12742963142189,0.78
1,2.83595495426954e-28,10001.64,1.1455192976644,0.7892
1,0,10023.74,1.13935158852685,0.9752
1,2.73734734111691e-28,9996.04,1.23406341941811,0.7968
0.956480828040461,73.3099999999998,10062.83,1.11071904649886,0.0798
0.985717763531608,33.8799999999999,10010.09,1.21147447861722,0.8032
0.977572347266881,26.51,10066.9,1.11583601286174,0.275
1,2.81179608904714e-28,9978.89,1.1655245553924,0.79
0.978907691073863,26.1599999999999,10084.04,1.13296976501724,0.4488
0.980174973914439,26.5699999999999,10035.43,1.1158198892367,0.442
1,2.85173217237396e-28,9986.33,1.23103533481591,0.7942
1,0,10053.58,1.1409647588103,0.9764
0.980730305238442,25.4699999999999,10005.96,1.14168893207028,0.4628
0.970031673840656,37.55,10041.87,1.10842199301551,0.249
0.981175905158603,25.6799999999999,10010.57,1.13889778917014,0.2802
1,2.73340303659081e-28,10082.6,1.13965004952129,0.8014
1,2.75361759728709e-28,10051,1.1591544661951,0.7986
1,2.62986504278055e-28,10090.86,1.13543538637478,0.8116
0.978623860611438,26.2799999999998,10029.22,1.13721061547148,0.448
0.992210953346856,10.9700000000001,10061.9,1.14661257606491,0.7806
0.977649074149604,26.4499999999999,10056.12,1.11583326535606,0.2692
1,0,10092.3,1.23446327683616,0.974
1,2.67818277322534e-28,10078.46,1.14137582195245,0.804
1,2.84630875365056e-28,10108.57,1.13467735272247,0.7988
1,2.79601887094272e-28,10057.87,1.22987279441937,0.7982
1,2.83792710653259e-28,10003.55,1.1437125748503,0.7974
1,2.79108849028509e-28,10058.74,1.13731491438498,0.8014
1,0,10054.86,1.16307537519913,0.9762
0.990931174089069,10.9900000000001,10068.37,1.21748987854251,0.7802
1,0,10024.08,1.14138838624774,0.9738
0.991909781809267,10.9600000000001,10076.07,1.12895317479774,0.7808
0.990196078431373,11.3600000000001,10051.58,1.21074312077772,0.7728
0.978429471643238,26.2299999999998,10021.84,1.11827435773146,0.453
0.966127121989735,60.5299999999999,10056,1.1009080142124,0.2712
0.974800637958533,143.04,10125.26,1.12352472089314,0.6312
1,0,10009.96,1.16291673509607,0.9782
1,0,10059.1,1.16016273663235,0.9778
0.988727597112967,61.6,10031.3,1.21741951179953,0.8974
1,0,10035.74,1.1413517741006,0.9722
1,2.92174357771232e-28,10039.93,1.15950666335568,0.7904
1,0,10012.32,1.22906608956218,0.9744
1,2.70776505717112e-28,10020.48,1.14521452145215,0.7974
0.96377852241902,61.9099999999998,10084.95,1.11831817456518,0.2704
1,2.85370432463701e-28,10041.41,1.16180239768499,0.797
1,0,10075.65,1.2314090833472,0.9786
0.978574867597496,26.66,10054.75,1.11498956828759,0.4388
1,0,9984.44,1.14766215430612,0.971
0.970176701047413,37.6899999999999,10089.69,1.1224914048133,0.2462
1,2.77136696765457e-28,10083.3,1.23256771219231,0.8016
1,0,10032.89,1.14248021108179,0.9746
1,2.8645511620838e-28,10011.22,1.15740740740741,0.7896
0.982416335791265,25.7699999999999,9977.19,1.12178915809092,0.275
1,2.51054983086587e-28,10146.4,1.15599466399867,0.8132
1,2.67128024030465e-28,10100.82,1.13653592617007,0.8062
1,0,10104.88,1.15687898616748,0.9758
0.990213380394674,11.3600000000001,10030.89,1.1269051820953,0.7728
1,0,10046.63,1.14309428950863,0.9718
0.978136727035405,26.67,10074.69,1.11559797683146,0.441
0.978962699247512,26.9699999999998,10075.79,1.13431507403512,0.2646
0.981098256477106,26.15,10049.88,1.11740263972625,0.4518
1,0,10015.74,1.14062371430922,0.975
0.980238445206598,26.3899999999999,10091.3,1.13588110403397,0.2798
0.990910566466483,11.0200000000001,10067.39,1.14656711572797,0.7796
0.979611888970769,26.2099999999998,10018.96,1.12069106689593,0.451
0.980093488072212,26.03,10012.27,1.11935847840103,0.4534
1,0,10059.61,1.14147190452511,0.9748
1,0,9962.62,1.16465431690374,0.9734
1,2.70036948618468e-28,10112.25,1.136408812324,0.8022
0.980215538040856,25.8,9951.33,1.12377352420782,0.2758
0.980645673038788,26.77,10078.26,1.11263583723328,0.2726
1,0,10053.08,1.14145334434352,0.9714
1,2.48096754692008e-28,10103.39,1.15664845173042,0.8096
1,2.59190111171679e-28,10071.77,1.13837713911406,0.8036
1,0,10071.28,1.13858083882265,0.9758
0.968892808466287,37.85,10005.85,1.10815361180149,0.243
1,2.77531127218067e-28,10037.41,1.14090723334696,0.7988
1,0,10036.34,1.23186379338707,0.9758
1,0,10068.08,1.22861815208504,0.978
1,2.73734734111691e-28,10104.33,1.23565436241611,0.8022
0.983535458999277,44.3200000000001,10074.31,1.11798249136616,0.7784
0.972165273616149,37.91,10032.71,1.10526730799558,0.2418
0.985032663524353,33.9599999999999,10093.98,1.14165219548499,0.6408
1,0,10004.61,1.22639980552629,0.9726
1,0,10040.23,1.16096031680554,0.9692
0.978000328353308,26.6399999999999,10057.21,1.11796092595633,0.2682
1,0,9990.66,1.23347653668209,0.976
0.968926098856867,37.33,10078.29,1.1039285139269,0.2534
1,0,10057.33,1.13908971409793,0.9744
0.954089627076152,161.85,10048.37,1.08876527734253,0.1032
1,2.63331630924089e-28,10070.81,1.13825338253383,0.8036
0.979017028488419,26.09,10051.34,1.11685901057219,0.4564
1,2.48491185144619e-28,10039,1.14228789639714,0.8074
0.982447665056361,44.8000000000001,10055.45,1.11972624798712,0.776
1,2.69691821972433e-28,10026.49,1.16488562364335,0.8018
0.981533296026861,26.3399999999999,10104.45,1.1111199936046,0.4482
0.979755141233896,25.9499999999999,10074.38,1.11394734736337,0.2846
1,2.68607138227755e-28,10088.95,1.22574191397132,0.805
0.973209272479346,37.1999999999999,10070.24,1.10684206304644,0.256
0.978625954198473,47.31,10068.48,1.13113700281237,0.595
0.969431964056483,37.17,10032.93,1.10863286264442,0.2566
0.99031136137794,11.1400000000001,10097,1.12793971513746,0.7772
1,0,9981.03,1.23312331233123,0.9724
0.98080971659919,45.0000000000001,10066.71,1.20923076923077,0.775
0.980036000654557,26.0299999999999,10033.01,1.11953853706431,0.4504
1,0,10077.25,1.13614368900189,0.9734
0.978345815695213,26.9599999999998,10084.97,1.13350700097688,0.2608
1,0,10013.14,1.14451485474447,0.9734
1,2.87145369500448e-28,10016.17,1.14327990135635,0.791
1,0,10010.8,1.23630335681724,0.9782
0.990438051650866,11.7400000000001,9990.91,1.13492971559333,0.7652
0.978246857879472,26.2999999999999,10085.7,1.13511118272639,0.2752
0.981026514230114,26.2599999999998,10085.93,1.11513824697965,0.2698
0.979394038116957,26.45,10029.21,1.11915621436716,0.267
0.980495432474693,26.48,10106.2,1.11488766356678,0.2812
0.990358241210207,11.2500000000001,10092.15,1.12891696450835,0.775
1,0,10013.71,1.22978968123562,0.9756
0.980741220262178,26.0899999999999,9991.88,1.14055672438906,0.4526
0.990559895833333,11.4000000000001,10029.98,1.12906901041667,0.772
0.979351508307792,25.52,10066.23,1.1169543474754,0.465
0.991159216723126,10.7300000000001,10090.45,1.12955465587045,0.7854
0.970826970987704,37.33,10050.05,1.10793217069838,0.2534
0.98019801980198,25.62,10062.09,1.11848725856192,0.4594
0.980737971391417,26.1399999999998,10074.06,1.11719765929779,0.2798
1,0,10067.74,1.15939263192831,0.9728
0.978990581985028,26.6799999999999,10076.4,1.11357965064799,0.4424
1,2.71417455202604e-28,10006.54,1.23438780527782,0.7954
0.992526401299756,10.7800000000001,10092.22,1.12737611697807,0.7844
1,0,10035.18,1.13844365085956,0.9774
0.979500891265597,26.5699999999998,10072.25,1.13401393615297,0.4442
1,0,10112.2,1.13604430118192,0.9768
1,0,10034.23,1.14115716044317,0.9698
1,2.67621062096228e-28,10085.38,1.15734526472782,0.8042
0.979708721976763,26.1699999999999,10043.52,1.11855670103093,0.45
1,2.82017773616512e-28,10075.79,1.13796782665791,0.804
0.979431532917645,26.13,10091.49,1.11442222042271,0.286
0.979307600477517,26.5099999999998,10036.57,1.13219259848786,0.2692
0.987399030694669,34.8399999999999,10100.09,1.13715670436187,0.635
1,0,10077.17,1.13951372808468,0.9776
0.972115463243111,37.0499999999999,10064.33,1.13067299043258,0.259
1,2.86159293368922e-28,10013.21,1.14342170261815,0.7962
1,0,10125.18,1.13148704621132,0.9734
1,2.74918025469523e-28,10034.28,1.14052561098092,0.8004
0.980166088849472,25.91,10025.58,1.118842215593,0.4566
0.986876006441224,34.4399999999999,10040.27,1.12640901771337,0.6262
1,0,10045.17,1.13979550102249,0.9728
1,2.74424987403759e-28,10046.17,1.1587037806398,0.7964
1,2.77136696765457e-28,10032.35,1.13815142576205,0.7956
1,0,10066.5,1.2336902800659,0.9772
0.981118314424635,25.86,10060.08,1.11807131280389,0.4582
0.982166123778502,25.8199999999999,10063.01,1.11693811074919,0.4558
0.991359819121447,11.0100000000001,10057.74,1.12588824289406,0.7798
0.979288499025341,26.5299999999998,10091.75,1.11492852501624,0.4488
0.989174448392695,11.0900000000001,10088.14,1.21717213453434,0.7782
1,2.72797961786741e-28,10050.26,1.13941635840526,0.7952
0.990487904879049,10.8200000000001,10088.76,1.1470274702747,0.7836
1,2.75953405407625e-28,10070.45,1.13672288763953,0.8064
1,2.67275935450194e-28,10055.3,1.23620345744681,0.796
0.978892455858748,26.35,10055.46,1.11581059390048,0.4474
0.989920511349668,11.1800000000001,10052.28,1.12882078177497,0.7764
0.990943520500576,11.5500000000001,9996.11,1.13403589659147,0.769
1,0,10001.17,1.14178794178794,0.975
0.980345975797937,26.6599999999998,10031.72,1.13717209453423,0.2712
1,2.81081001291562e-28,10065.62,1.23556218410805,0.7976
1,2.87342584726754e-28,10031.02,1.14225387099445,0.7938
0.978062009228527,26.19,10031.49,1.11802800939043,0.4516
1,2.6880435345406e-28,9969.11,1.23204918032787,0.7988
0.976747994105125,25.9999999999999,10029.69,1.14074013427215,0.2804
0.980855944941065,25.1099999999999,9932.42,1.12332885056562,0.4664
0.97959836786943,26.0499999999999,10024.57,1.11776942155372,0.4552
1,2.57415174134931e-28,10050.14,1.16105429450403,0.8024
1,2.7575619018132e-28,10046.65,1.13839869281046,0.7946
1,0,10007.07,1.1406834825061,0.972
1,0,10057.65,1.23152381744118,0.9762
1,2.65106567960836e-28,10037.63,1.13959055638105,0.7988
1,0,10149.16,1.13413036357681,0.9772
1,0,10077.53,1.1386073341574,0.9774
0.981015236698444,26.2899999999998,10046.17,1.11822700236291,0.2708
1,2.69839733392162e-28,10014.98,1.16128766672155,0.797
1,2.77531127218067e-28,10012.78,1.14183153852575,0.7928
1,2.70825809523689e-28,10087.24,1.23400350379578,0.8032
1,0,10062.87,1.16063759497853,0.9764
1,0,9996.58,1.14261294261294,0.9722
1,2.6693080880416e-28,10100.29,1.13560862738617,0.804
1,2.74326379790607e-28,10021.51,1.22975084285832,0.7968
1,2.90498028347638e-28,9954.97,1.1504447054875,0.7852
0.990349819059107,11.5300000000001,10004.82,1.21785283474065,0.7694
1,0,10061.09,1.22762662201758,0.9766
1,0,10033.14,1.22850826919928,0.972
1,2.48688400370924e-28,10087.86,1.13552512913011,0.8084
0.990699951052374,11.3400000000001,10050.62,1.12767172458802,0.7732
1,2.82017773616512e-28,10067.54,1.14080650514437,0.7974
1,0,10049.11,1.14313104368123,0.9756
1,2.71220239976299e-28,10035.51,1.22710111621799,0.7974
0.963665338645418,62.9999999999998,10091.86,1.1193625498008,0.1
1,2.73537518885386e-28,10045.46,1.14237995824635,0.7994
0.978861261844983,25.8099999999999,9976.21,1.12262087956589,0.4574
0.978769427976286,25.9999999999999,10038.82,1.1359557763179,0.2826
1,0,10033.66,1.23218522457662,0.9732
0.991502573739685,11.5900000000001,10001.41,1.13187351907836,0.7682
0.98753339269813,34.1599999999999,10018.79,1.12596130494617,0.8042
1,2.69001568680365e-28,10039.95,1.16253306878307,0.8028
1,2.71959797074944e-28,10030.98,1.1672218520986,0.7992
0.987207872078721,34.9599999999999,10050.52,1.21984419844198,0.6304
1,2.53273654382521e-28,10075.18,1.22604260919635,0.809
0.987931034482759,34.6399999999999,10016.63,1.21929392446634,0.804
1,0,10062.3,1.23530394121576,0.9758
0.981675815305134,44.5600000000001,10058.94,1.20495640942848,0.7772
1,0,10082.17,1.15993659269147,0.9714
1,2.70086252425044e-28,10070.31,1.13977159880834,0.802
1,0,10012.69,1.16173177407315,0.9744
1,0,9992.55,1.16791854448339,0.9718
0.979121670266379,26.14,10046.63,1.11711063114951,0.4534
1,0,10037.53,1.14178856382979,0.9732
1,0,9991.21,1.23632294429708,0.9738
1,2.68311315388297e-28,10025.29,1.2456608811749,0.7978
0.978706307754118,26.41,10062.16,1.11603053435114,0.4438
1,0,10081.37,1.2321413686755,0.9788
1,2.65944732672634e-28,10112.85,1.13312086295661,0.8074
1,0,10013.34,1.14226078415323,0.9736
1,0,10026.88,1.2261441090555,0.9704
1,2.96069358490761e-28,9946.22,1.15978207838673,0.7866
1,0,10030.73,1.14194078947368,0.9716
0.986739342661894,34.8799999999999,10031.55,1.21550602017572,0.801
1,0,10098.17,1.13639355051004,0.9794
0.958144265373181,119.47,10031.54,1.10866843999374,0.1994
1,0,10013.6,1.22880531690712,0.9746
1,0,10077.33,1.13682654402103,0.975
0.981044581841848,26.5299999999998,10065.62,1.13545395379108,0.4438
1,0,10080.87,1.13910240515745,0.9754
1,2.76002709214202e-28,10066.02,1.13558496387107,0.7972
1,0,9983.85,1.16059726254666,0.973
0.979802955665025,26.3599999999999,10113.05,1.11494252873563,0.4478
1,0,10042.29,1.23362391033624,0.9722
1,2.75164544502404e-28,10024.35,1.16090992723927,0.797
0.987306753458096,34.6799999999999,10034.06,1.12676973148902,0.6238
1,2.5302713534964e-28,10066.09,1.13628913292903,0.804
1,0,10048.64,1.22986895244375,0.9766
1,2.6412049182931e-28,10064.57,1.13963293650794,0.7992
1,0,10022.1,1.14375612945407,0.975
1,0,10056.14,1.23558292419073,0.9726
1,0,9987.83,1.23032520325203,0.9772
0.986406667206085,36.3199999999999,9971.52,1.22153895946274,0.6052
0.980286014381514,26.4199999999998,10066.84,1.11513290781288,0.2736
0.966085727743759,62.5599999999998,10073.59,1.11940650023552,0.1096
0.989906511127658,10.9700000000001,10079.43,1.13038802018698,0.7806
0.985660746292977,36.1199999999999,10027.63,1.14754766172397,0.6132
1,2.77333911991762e-28,9992.33,1.24270634194996,0.7912
1,0,10014.62,1.14290473017988,0.9754
0.965040650406504,80.1199999999999,10079.67,1.10414634146341,0.2016
0.978740473325311,25.96,10004.07,1.11945447252306,0.4542
1,0,9995.7,1.1429382195557,0.9696
0.970891791646509,37.53,10031.45,1.10933720367683,0.2494
0.98559620263524,36.8399999999999,10083.85,1.14575660856044,0.7886
1,0,10089.9,1.15686274509804,0.9792
1,0,10045.5,1.14334442595674,0.9764
0.962660909890461,72.2899999999999,10034.93,1.11929319581035,0.2502
1,2.62099035759681e-28,10106.03,1.1374865735768,0.8056
0.978217984547099,26.4199999999999,10033.5,1.11885582771659,0.4476
1,0,9987.38,1.14349885658282,0.9722
0.979651398459668,26.11,10023.18,1.11917308471828,0.2798
1,0,10126.57,1.13460113608298,0.979
1,2.63676757570123e-28,10057.36,1.13984342810054,0.7974
1,2.89955686475298e-28,10029.7,1.14076752403649,0.7976
1,0,10058.09,1.22843306246409,0.9742
0.972463768115942,37.2799999999999,10028.24,1.12890499194847,0.2544
1,0,9998.74,1.14413895291406,0.9758
1,2.6732523925677e-28,10048.17,1.14279766860949,0.8
1,0,10004.67,1.16248337765957,0.9736
1,2.76298532053659e-28,10050.74,1.22445807770961,0.8014
1,2.73340303659081e-28,10064.47,1.14035959897257,0.7996
0.981742137858924,44.1200000000001,10067.6,1.21032735462077,0.7794
0.992376532979781,11.5400000000001,10030.25,1.13631090487239,0.7692
1,2.5342156580225e-28,10082.03,1.13501935909053,0.8078
0.970978573712824,37.7299999999999,9956.85,1.11152862168212,0.2454
1,0,10017.96,1.1440445515751,0.974
1,0,10057.58,1.13974696023661,0.9764
1,2.6880435345406e-28,10030.39,1.13927781871776,0.7994
1,2.70480682877654e-28,10028.65,1.23618670625103,0.8016
0.97696225042438,45.24,10073.37,1.11114703742624,0.6124
1,2.71220239976299e-28,10081.62,1.15539875287168,0.8016
1,2.58253338846729e-28,10044.64,1.14246484147458,0.802
0.966446162429266,62.2499999999998,10057.85,1.12106479636567,0.1036
0.954714591085425,128.61,10045.57,1.08946243369488,0.239
0.979783276726508,26.3699999999999,10046.48,1.11725699498625,0.2714
0.964582315583781,61.6299999999998,10046.81,1.12335124572545,0.2776
0.981253043337121,25.99,10046,1.11856841421847,0.2792
1,0,10091.67,1.1554524361949,0.9798
1,2.62592073825444e-28,10051.51,1.15791204274558,0.8018
1,2.75509671148438e-28,10024.99,1.14192590147702,0.7962
1,2.63134415697784e-28,10106.07,1.13696369636964,0.802
1,2.85616951496583e-28,10027.68,1.23536193691839,0.793
0.979388770433547,26.1599999999999,10008.76,1.11632314617389,0.277
0.97894908616188,26.4699999999999,10045.33,1.11716710182768,0.4456
1,0,10086.36,1.13998833430547,0.9762
1,0,10061.8,1.15865706630944,0.9754
0.979970807654882,26.7999999999998,10080.43,1.13323061952644,0.4394
0.980517380759903,26.1299999999998,10051.85,1.13670169765562,0.4514
1,0,10053.58,1.15570678911118,0.9776
0.988231474717961,31.7199999999999,9948.48,1.14722830939047,0.629
1,0,10057.42,1.13975903614458,0.976
0.98621196051236,35.5599999999999,10138.87,1.13934894346088,0.8008
0.973449920508744,141.44,10046.46,1.10683624801272,0.7974
1,2.72452835140707e-28,9990.66,1.2335429769392,0.7918
1,0,10060.96,1.14181152790485,0.9772
1,0,10063.74,1.22768188950367,0.9758
1,2.67621062096228e-28,10070.61,1.15675808835605,0.8054
1,2.7708739295888e-28,10063.32,1.13876579681602,0.8036
1,0,10039.98,1.22831275720165,0.975
0.985690789473684,35.1599999999999,10036.13,1.14720394736842,0.7976
0.990075262592011,11.5800000000001,10039.35,1.13357042428252,0.7684
0.973561929178016,37,10075.32,1.10511136035892,0.26
1,2.65106567960836e-28,10083.83,1.1359573595736,0.8084
0.984625396567152,37.3199999999999,10086.14,1.11868543073294,0.6176
1,0,10090.04,1.1589756381475,0.9752
0.985169662287418,36.1199999999999,10060.46,1.21391150157169,0.62
0.992256276491686,11.5600000000001,10038.75,1.12789370720574,0.7688
0.978934624697337,25.8599999999999,10029.26,1.13954802259887,0.4564
1,3.03908663736395e-28,9935.93,1.14651656061348,0.7878
0.974874771408126,140.96,10048.9,1.11187087540749,0.797
1,2.85025305817667e-28,10033.77,1.14057245960797,0.7972
1,2.66339163125244e-28,10008.3,1.1401982112642,0.8058
1,0,10025.83,1.14123550217981,0.9724
1,0,10073.38,1.13975026875052,0.9764
1,0,10067.91,1.13889574590636,0.9724
1,0,9958,1.14499710336837,0.9722
0.987274655355249,35.7599999999999,10099.04,1.12048291051472,0.7944
0.962771958098308,60.5299999999998,10047.11,1.12344883158743,0.2746
1,0,10041.24,1.22173948684318,0.9788
0.980887593132491,25.9199999999999,10105.21,1.11491739552964,0.4564
1,2.79158152835086e-28,9994.45,1.23254067584481,0.7964
1,2.53815996254861e-28,10118.95,1.13674503613857,0.811
0.974094100556856,37.31,10053.95,1.10895004438706,0.2538
0.979949077021006,26.7199999999998,10064.76,1.11330362826225,0.443
1,2.76347835860236e-28,10021.94,1.23080745341615,0.7964
1,0,10021.56,1.14344976354435,0.9756
1,2.68607138227755e-28,10114.4,1.13742472985235,0.8068
1,2.81623343163901e-28,9998.16,1.14642798218116,0.8002
1,0,10048.51,1.14159953492235,0.9768
1,0,10127.64,1.13531653960888,0.9748
1,0,10022.93,1.16031224322104,0.973
1,0,10086.16,1.13816553325593,0.9774
1,0,10168.42,1.13038150477902,0.9762
1,2.65747517446328e-28,10010.26,1.16518082422204,0.795
1,0,10035.81,1.2341021416804,0.9758
1,2.65254479380565e-28,10004.72,1.14096226725985,0.8
1,0,10026.91,1.14146620847652,0.9758
0.977107264196732,26.8699999999998,10110.97,1.13412069244459,0.2694
1,2.70776505717112e-28,10052,1.23338269167489,0.8022
0.981007564783518,25.76,9973.9,1.12184130049895,0.2654
1,0,10018.14,1.14335260115607,0.9726
1,2.82067077423088e-28,10023.29,1.1407858966966,0.7948
1,0,10044.45,1.13866819559341,0.9702
1,2.56971439875745e-28,10064.55,1.13850073976656,0.8054
0.97869101978691,26.25,9985.63,1.11944244172074,0.449
1,0,10083.71,1.13607959217234,0.975
0.986970947641013,32.9999999999999,10013.62,1.21194464675892,0.6328
1,2.86948154274143e-28,10011.85,1.24531727040185,0.7924
0.971361158571312,37.5,10045.26,1.11048734846636,0.25
0.991241586246047,11.2500000000001,10073.02,1.12756467439786,0.775
1,2.71762581848639e-28,10057.77,1.2294517741539,0.8048
1,2.62592073825444e-28,10038.08,1.22851290454732,0.8018
0.978982122725076,26.27,10019.91,1.11837655016911,0.4472
0.985710786315016,35.1199999999999,10054.82,1.14526006368907,0.6222
1,2.70628594297383e-28,10054.69,1.15672688278479,0.8004
0.978241382120447,47.23,10068.22,1.20454730665797,0.5936
1,0,10012.56,1.23192620907429,0.9762
1,2.91089674026553e-28,9979.9,1.23675935120821,0.7924
0.97997909463697,26.3899999999998,10046.23,1.13411594435957,0.4454
0.980275340149746,26.2299999999999,10012.13,1.13605989855889,0.448
1,2.75805493987896e-28,10001.62,1.23311333822211,0.8004
1,0,10038.73,1.1604388352718,0.9734
0.978381014304291,26.8099999999999,10057.37,1.11540962288687,0.2656
1,2.6037340252951e-28,10105.57,1.1384282023502,0.8072
1,0,9962.98,1.14245901639344,0.9714
1,2.55788148517913e-28,10045.36,1.13966894507123,0.8048
1,2.47751628045974e-28,10113,1.13536866359447,0.8116
1,2.72157012301249e-28,10071.84,1.15782065082388,0.8038
0.980224392606344,26.03,10035.48,1.1181693437727,0.2798
0.98017338256542,26.0299999999999,10042.74,1.11735431048322,0.452
0.97215777262181,144.16,10057.09,1.1076086086887,0.6162
0.981734434561626,26.48,10003.52,1.11769377382465,0.4412
0.985946564261786,34.4799999999999,10111.55,1.13930876705613,0.64
0.979834791059281,26.6499999999998,10069.88,1.1149983803045,0.4382
0.980229180116204,25.9699999999998,10013.64,1.11999677211104,0.2748
0.992141453831041,11.1400000000001,10044.02,1.13040275049116,0.7772
0.969457817062584,60.1299999999998,10040.74,1.12003788177729,0.104
1,2.69790429585586e-28,10036.22,1.14408602150538,0.8002
0.979853920860422,25.56,9984.85,1.12167910747251,0.2818
0.978713110788582,26.1599999999999,10099.93,1.11312691501371,0.455
0.978725125384242,26.8099999999999,10069.29,1.11502993043197,0.438
0.990929705215419,10.6900000000001,10099.87,1.12649821833495,0.7862
1,0,10091.31,1.2320125994695,0.9768
1,2.88575179891161e-28,10038.3,1.13921845183772,0.7942
0.989320942365697,11.3400000000001,10047.46,1.12937148447053,0.7732
1,0,10057.35,1.14228723404255,0.9748
1,0,10094.67,1.15711094564408,0.9768
0.976680604696044,26.3699999999999,10086.52,1.11442586040528,0.2788
0.987472722864301,34.7199999999999,10043.59,1.14289178048978,0.6236
1,2.78517203349593e-28,9972.55,1.14642180680227,0.7882
1,0,10020.98,1.22672031532271,0.9726
0.990312601758385,11.3900000000001,10034.51,1.13179746011071,0.7722
1,2.70184860038197e-28,10036.95,1.23252354982648,0.7998
1,2.7575619018132e-28,10019.18,1.14310387367382,0.7994
1,0,9979.74,1.14591600529101,0.974
1,2.63233023310936e-28,10067.78,1.23503142573602,0.7998
1,2.58351946459881e-28,10056.32,1.13995373430271,0.8034
1,0,10069.96,1.22685374010931,0.9728
0.991378602512522,11.2600000000001,10031.68,1.13235897856967,0.7748
1,2.81820558390206e-28,10033.5,1.13835248105598,0.7958
0.980686007372976,26.2699999999998,10077.1,1.11396057060426,0.4532
1,0,10044.62,1.22353805945769,0.973
1,0,10049.75,1.16285072017317,0.9768
1,0,10082.09,1.14025909317389,0.976
1,2.73389607465657e-28,10053.94,1.23040302060248,0.803
0.9793673731535,26.4699999999998,10103.07,1.11384071933205,0.4462
1,2.71565366622333e-28,10025.15,1.14256078333748,0.8014
0.982719454810969,46.7200000000001,10024.23,1.11990913516145,0.7664
0.978394562226898,26.4699999999999,10075.15,1.11555267842693,0.2766
1,0,10046,1.23269087600298,0.9752
1,0,10023.58,1.14077112387203,0.975
1,0,10072.19,1.23176741130092,0.9772
0.981837261866322,26.07,10033.12,1.11745237326445,0.4548
0.990194462755438,11.4800000000001,10014.54,1.15145023071852,0.7704
1,0,9983.47,1.14335979052451,0.973
0.978965183752418,26.22,10059.66,1.11661831076725,0.4532
0.978575517213182,25.7199999999999,10039.12,1.14490146373375,0.459
0.97984496124031,26.1399999999999,10061.16,1.13553651570787,0.452
1,2.81475431744172e-28,10013.32,1.14030216414863,0.7948
0.978697941598851,26.1199999999998,10049.29,1.13499281953088,0.449
0.992294450364784,11.2800000000001,10061.21,1.15091400934503,0.7744
0.980479507532804,26.34,10086.22,1.11509800745181,0.4476
0.991559086395233,11.2400000000001,10045.61,1.13199271764316,0.7752
1,0,10050.38,1.14003590664273,0.9754
0.969656048931607,79.1999999999999,10061.99,1.10429740249424,0.2076
1,2.92519484417266e-28,9996.2,1.23614797611148,0.789
0.97785142672379,26.35,10023.03,1.11898795570285,0.4482
0.979878296146045,26.8299999999999,10046.12,1.11675456389452,0.2666
0.988478509560386,33.8399999999999,10012.83,1.14618401699624,0.6286
1,2.72797961786741e-28,10056.84,1.1413747302009,0.8006
1,2.60225491109781e-28,10075.63,1.13849842897304,0.8054
1,2.67423846869923e-28,10061.63,1.23451143451143,0.8032
1,0,9971.68,1.14421813403417,0.9722
1,2.51893147798384e-28,10126.18,1.13429019219665,0.814
0.970461095100865,37.35,10101.35,1.10478706372078,0.253
1,0,10056.11,1.14130884421279,0.9724
1,2.6826201158172e-28,10080.59,1.22563681183237,0.8076
0.978708018640527,26.0499999999999,10069.44,1.13691145749638,0.455
0.987158647594278,36.4399999999999,10111.26,1.14027958387516,0.6234
1,2.78369291929865e-28,10030.62,1.14036254781307,0.7948
0.957194679564692,72.2799999999999,10015.52,1.115517936316,0.0734
1,2.70480682877654e-28,10058.62,1.15694993412385,0.8004
1,0,10080.06,1.22214865088561,0.9766
1,2.73143088432775e-28,10055.94,1.14218997581519,0.804
1,0,10093.38,1.15646370602291,0.9778
1,2.80242836579764e-28,10058.1,1.13998510796724,0.7968
1,2.67029416417312e-28,10069.76,1.13738333060422,0.8054
1,0,10056.07,1.14086471408647,0.9726
1,2.70036948618468e-28,10064.03,1.13995373430271,0.801
0.971658307459597,37.4699999999999,10029.71,1.12729878194411,0.2506
0.991250101271976,11.6800000000001,9999.82,1.21915255610467,0.7664
0.987752453564766,34.7999999999999,10060.98,1.12661205288345,0.6288
1,0,9957.3,1.16313559322034,0.972
1,0,10052.53,1.13976361682784,0.9726
0.981419607203977,26.0199999999999,10066.81,1.11759432809062,0.4532
0.979565252788407,26.6,10129.28,1.11275746967353,0.2802
0.981743934662503,25.74,10002.07,1.11898470654176,0.4566
0.98586832216958,36.4799999999999,10099.88,1.14262375428851,0.622
1,2.77925557670678e-28,10017.87,1.1415770609319,0.7978
1,0,10078.96,1.23213548120611,0.976
0.978952481178661,26.4599999999998,10040.59,1.11746134542216,0.2716
0.991901178010471,10.8400000000001,10104.04,1.22063154450262,0.7832
1,2.60718529175544e-28,10048.69,1.13992107859257,0.8016
0.979908898649748,26.3899999999998,10122.58,1.13396778916545,0.4476
1,0,10024.46,1.14577307660524,0.9766
0.979993520168476,26.56,10122.79,1.11315405799449,0.2778
1,2.65895428866057e-28,10070.25,1.1406674907293,0.8052
1,2.59535237817713e-28,10041.63,1.1399950936299,0.801
1,0,9938.68,1.2392179413456,0.9732
0.979951100244499,25.5,10007.99,1.12273838630807,0.2836
1,0,10070.51,1.13845897819937,0.9732
1,0,10127.77,1.13555959662754,0.9776
1,2.77925557670678e-28,10055.15,1.14157321899736,0.7948
0.980673974827446,25.7899999999998,10064.78,1.13666260657734,0.2886
0.979246670479614,26.43,10108.87,1.11504207860119,0.445
0.96695666054753,60.4499999999998,9997.74,1.12554872695347,0.2854
1,0,10001.68,1.14417683932695,0.9728
1,0,10067.04,1.14003322259136,0.9748
0.990766465108678,11.3100000000001,10031.29,1.12837064879882,0.7738
1,0,10095.3,1.13762228486155,0.9764
1,2.69001568680365e-28,10083.68,1.13946488294314,0.8064
0.979629481113161,25.5099999999999,10021.98,1.1391450797979,0.4598
0.967976361603578,62.7999999999998,10075.12,1.11907043603258,0.2688
1,0,10079.39,1.13792238206758,0.9762
0.990053372149442,11.5400000000001,9999.65,1.1314087012777,0.7692
0.967065137838497,61.6199999999999,10083.27,1.1014068471985,0.2678
0.990787200789669,10.9400000000001,10051.96,1.12963724603109,0.7812
0.992094223943207,11.2600000000001,10067.82,1.12794449822523,0.7748
0.990603363006924,11.4600000000001,10036.55,1.13122321134191,0.7708
0.981011097410604,26.5299999999999,10119.1,1.11426222770243,0.282
1,0,10044.47,1.1413232014537,0.9748
1,0,10040.09,1.15549250101338,0.9742
0.979604946202023,26.58,10031.15,1.11634816123334,0.441
0.986196065465366,34.8399999999999,10096.32,1.14283352620268,0.8016
0.990028146361078,11.6200000000001,9997.44,1.12802573381584,0.7676
1,0,10081.28,1.23687674839559,0.9726
0.978929522886898,25.95,10052.98,1.11810769354969,0.2782
1,0,10026.26,1.14300016686134,0.9746
1,2.74523595016912e-28,10078.43,1.23420165995562,0.8044
1,0,10092.01,1.13687427721791,0.9782
1,0,10014.92,1.14118133002891,0.974
0.979703608247423,26.4099999999999,10059.49,1.13442332474227,0.4464
1,0,10041.1,1.14150943396226,0.9754
0.979938521274875,26.2599999999999,10018.18,1.13743730787898,0.2692
1,2.78073469090407e-28,10032.25,1.14166666666667,0.796
0.980838323353293,26.1099999999999,10011.89,1.11800399201597,0.2764
1,2.599789720769e-28,10044.97,1.14112141860274,0.8088
1,2.76495747279965e-28,10044.09,1.22467468291879,0.7934
1,0,10064.55,1.14109259719804,0.9728
0.970873003066,37.51,10071.51,1.10513151524931,0.2498
0.97640404040404,26.43,10042.61,1.11652525252525,0.2728
1,2.4928004604984e-28,10085.39,1.13827160493827,0.8084
1,2.57365870328355e-28,10085.05,1.13772851352469,0.8098
0.990980009751341,11.4500000000001,10037.36,1.12798634812287,0.771
0.991154791154791,11.4600000000001,10025.64,1.13226863226863,0.7708
0.991002888980603,11.1200000000001,10050.52,1.13215022699133,0.7776
0.990998363338789,11.5700000000001,10005.71,1.13019639934534,0.7686
0.980630521111922,43.5600000000001,10061.9,1.13793662371343,0.7822
1,2.56577009423134e-28,10034.25,1.1357363208313,0.8088
1,2.66487074544973e-28,10045.63,1.1415813191315,0.807
1,0,10023.73,1.14184572322384,0.9724
1,2.7255144275386e-28,9999.16,1.22565436514388,0.7968
1,0,10051.29,1.13825835740817,0.9774
1,0,10006.92,1.14187922744683,0.9748
1,0,10052.35,1.23649151841125,0.9714
1,0,10015.7,1.13849650917357,0.9734
1,0,10046.06,1.14454896690744,0.9756
1,2.88131445631975e-28,9987.41,1.14379574184963,0.7888
1,2.81524735550749e-28,9984.4,1.14073405041465,0.7952
0.979850686361082,26.4799999999999,10026.04,1.13462310347596,0.4482
1,0,10019.76,1.23745379876797,0.9726
0.989499793303018,10.8400000000001,10086.42,1.21868540719306,0.7832
0.96593362654938,63.1699999999999,10112.35,1.09748100759696,0.0924
1,0,10029.91,1.2329597343296,0.9728
0.977739865139329,45.09,9999.96,1.13973515313998,0.6028
1,2.67226631643618e-28,10068.39,1.23906899418121,0.801
0.979198704977742,26.0399999999999,10052.26,1.13654390934844,0.451
0.991310824230387,10.6000000000001,10119.39,1.21962926183383,0.788
0.991634544410728,11.4300000000001,10017.61,1.13392930369884,0.7714
1,2.7067789810396e-28,10097.1,1.1378294319856,0.8062
1,0,10020.63,1.14266918838911,0.974
1,2.65303783187142e-28,10033.85,1.14250391494272,0.801
1,0,10014.25,1.14161706349206,0.9762
0.992836792836793,11.7400000000001,9991.93,1.21888481888482,0.7652
1,0,10076.48,1.13947173537398,0.973
1,2.59929668270323e-28,10059.57,1.13910651775296,0.8
0.973430144418735,95.5599999999999,10058.32,1.12870023138913,0.5554
0.982108929702343,26.36,10044.03,1.11494616846105,0.4466
1,2.60718529175544e-28,10053.01,1.14020635713097,0.7992
1,0,10096.63,1.23109349970492,0.979
1,0,10044.06,1.1399190550921,0.9756
0.986474151522695,35.1199999999999,10064.16,1.14571404862667,0.7996
0.977893890675241,26.55,10061.72,1.11446945337621,0.4436
0.965300437723836,61.9299999999998,10109.61,1.11619578193394,0.097
0.980277754951105,26.3499999999998,10035.5,1.13797353932123,0.2724
0.987253289473684,34.7999999999999,10029.4,1.14769736842105,0.8002
0.978409731732861,26.0399999999999,10066.08,1.11504068315476,0.2858
0.979873397175783,26.0999999999999,10016.7,1.11929881512741,0.452
1,2.61704605307071e-28,10042.92,1.2316703530761,0.8042
1,2.85222521043972e-28,10011.48,1.14236921026325,0.7958
1,0,10059.74,1.1595472196976,0.9734
0.97060984570169,37.8399999999999,10023.2,1.12768389256266,0.2432
0.987767336357745,32.8399999999999,9996.57,1.14322747893714,0.6242
0.989583333333333,11.3000000000001,10050.51,1.12662760416667,0.774
0.981417424181482,26.3699999999999,10047.03,1.13546778215751,0.2752
1,2.76545051086541e-28,10054.77,1.23737415077351,0.8028
1,2.73784037918267e-28,10006.68,1.16433131581129,0.796
1,2.58746376912492e-28,10082.91,1.228764637968,0.8024
1,2.70776505717112e-28,10013.9,1.16382926227486,0.8022
0.979166666666667,26.2399999999999,10090.46,1.11474609375,0.276
0.951597744360902,129.25,10050.37,1.08403822055138,0.2374
1,2.7161467042891e-28,10022.12,1.14167225201072,0.7952
1,0,10068.9,1.22499795233025,0.971
0.966231895654957,61.4399999999998,10058.7,1.12058894134592,0.0934
0.987241995774419,35.1199999999999,10012.13,1.12692995286852,0.7986
1,2.79059545221933e-28,9994.74,1.13981004507405,0.7956
0.97993876893329,26.38,10041.29,1.11803093780213,0.2742
0.990723869471592,11.2300000000001,10038.87,1.23355971509028,0.7754
0.980705310093231,26.6999999999999,10131.61,1.13279286582894,0.4426
1,2.75016633082675e-28,9992.25,1.24029850746269,0.7964
1,2.68212707775144e-28,10096.25,1.13646845659694,0.8096
0.981377877237852,26.2999999999998,10074.21,1.13443094629156,0.2778
1,0,10050.48,1.14229873586161,0.9754
1,0,10097.69,1.16043536058491,0.9768
1,0,10087.68,1.14139053501377,0.9772
0.980903624248334,26.0599999999999,10052.1,1.13985047944092,0.455
1,2.77284608185186e-28,10069.86,1.15423535172189,0.7998
0.986819898738246,35.7999999999999,10039.62,1.21377481314795,0.7954
1,2.8270802690858e-28,10038.5,1.13915751516145,0.7928
1,2.83003849748038e-28,10027.34,1.14023386034256,0.7952
0.979452604542901,26.81,10097.72,1.112208042379,0.4398
1,2.56774224649439e-28,10052.66,1.13848432485806,0.8044
0.986626923386772,35.0799999999999,10058.1,1.20913558366229,0.6208
0.980781706130393,25.79,10060.32,1.11636393123581,0.282
0.990933069568084,11.3600000000001,10050.96,1.12916254533465,0.7728
1,2.81278216517867e-28,10019.18,1.13830658368818,0.7962
0.981409319694756,25.89,10042,1.11982464685826,0.4558
1,0,10053.95,1.13730974907446,0.9752
0.985665694849368,36.3599999999999,10100.94,1.13905085843861,0.7968
1,0,10030.42,1.13596598806312,0.9764
0.967930489731438,61.6699999999998,10070.26,1.11958925750395,0.1048
0.96678585617799,62.2399999999998,10074.16,1.12141438220103,0.108
0.980998781973203,26.5,10047.56,1.11701177425903,0.4458
0.980689989496647,26.4699999999999,10033.59,1.11707198836552,0.274
0.979372341279396,26.25,10014.04,1.11870936672285,0.2738
1,0,10037.83,1.14224066390042,0.9728
1,0,10065.06,1.23754917552524,0.974
1,2.8458157155848e-28,9988.75,1.14468226314916,0.7924
1,0,10031.07,1.23711511328741,0.9708
1,0,10035.14,1.1405445791134,0.973
1,2.77728342444372e-28,10041.87,1.14210963455149,0.7968
1,0,10054.63,1.23695722618276,0.9762
0.985554293134231,34.4799999999999,10053.32,1.14348320077909,0.6314
1,0,10066.91,1.23094841930116,0.9724
0.978050564994716,26.8399999999998,10069.62,1.13470449556947,0.4352
0.991957324579401,10.9700000000001,10083.6,1.22248666393106,0.7806
0.989350284817964,11.9400000000001,9958.13,1.22752414761001,0.7612
0.991457203877115,10.7700000000001,10094.63,1.21890915064892,0.7846
0.977825808517451,26.47,10015.06,1.11727505603586,0.2696
1,2.71170936169723e-28,10033.14,1.14502057613169,0.8024
1,0,10071.06,1.13722770661663,0.9688
1,0,10133.47,1.22904745876809,0.9768
1,2.63134415697784e-28,10082.4,1.13962953733699,0.8032
1,0,9982.48,1.14441687344913,0.975
1,2.78911633802204e-28,10064.63,1.2257183075267,0.7944
0.966524889729048,59.8599999999998,10008.01,1.12232199117832,0.2792
1,0,10001.83,1.14577919356191,0.9728
0.979352899295942,25.89,10036,1.11597183767107,0.4588
0.979489664082687,26.0599999999999,10039.92,1.11757105943152,0.4534
1,0,10057.56,1.14300066979236,0.981
0.985984755347922,36.3999999999999,10056.75,1.21596590443406,0.6158
0.978464268430392,26.6299999999998,10082.22,1.11437328601387,0.4416
0.991419465555283,11.4100000000001,10028.26,1.13034240418403,0.7718
0.985481092609302,35.7999999999999,10046.21,1.1468296284144,0.62
1,2.76890177732575e-28,10044.1,1.14177005789909,0.7966
1,2.77876253864101e-28,10059.65,1.13896883479977,0.8016
1,2.58844984525644e-28,10046.86,1.14114436910865,0.8044
1,0,10040.13,1.14445087182877,0.973
1,0,10098.15,1.13885224274406,0.9746
0.991531818562924,11.1800000000001,10058.27,1.13364634862078,0.7764
1,0,10049.48,1.13603896103896,0.9748
0.972119258662369,37.31,10083.79,1.10668815471394,0.2538
0.979011345218801,26.3299999999999,10007.71,1.13865478119935,0.4454
1,2.76890177732575e-28,10063.7,1.2331960461285,0.8032
0.982507525831909,26.1799999999999,10051.56,1.13782442437556,0.449
0.990417411076823,11.9200000000001,9982.63,1.13196361864544,0.7616
0.991300745650373,10.7900000000001,10079.71,1.12924606462303,0.7842
1,0,10060.23,1.15844925508272,0.9712
0.979701540436457,26.3799999999998,10029.17,1.11793966623877,0.276
1,2.65303783187142e-28,10056.84,1.22454649452525,0.7998
1,0,10076.2,1.1402300780922,0.9766
1,2.70431379071078e-28,9972.48,1.23378422425033,0.7952
1,0,10026.53,1.2399769015014,0.97
0.985877329830035,36.4799999999999,10127.15,1.14065194186715,0.6288
1,2.64662833701649e-28,10034.08,1.23021882020135,0.8006
1,0,10057.1,1.23232075779846,0.9754
0.99120861063183,10.9000000000001,10077.67,1.22767233588037,0.782
0.970312123886705,38.5399999999999,10059.18,1.12228195458557,0.2292
1,2.79947013740307e-28,10046.78,1.13747445852064,0.7962
1,2.72107708494673e-28,10029.53,1.23520648845485,0.804
1,2.72748657980165e-28,9982.29,1.14413307112422,0.7966
1,0,10059.82,1.13888200809182,0.9774
1,0,10152.42,1.1337287003007,0.9802
0.980329441867903,25.68,10038.2,1.11850311850312,0.2834
0.9787113942424,26.6,10046.36,1.11668413837594,0.444
1,0,10077.89,1.13718940936864,0.975
1,0,10087.16,1.23062988884315,0.9754
0.972246660801408,37.89,9984.13,1.10997360633448,0.2422
1,2.7107232855657e-28,10068.48,1.15946816417541,0.8034
1,2.61359478661036e-28,10088.51,1.13999164229001,0.8062
0.990841584158416,11.2800000000001,10052.19,1.13226072607261,0.7744
0.990872045639772,11.5300000000001,9972.5,1.13577832110839,0.7694
0.978508523874929,26.29,10065.36,1.11634483315828,0.4502
1,0,9975.13,1.16500490356326,0.9714
1,0,10055.4,1.22898550724638,0.976
0.977770695562107,26.6099999999999,10060.43,1.12859533104932,0.2632
1,0,10057.93,1.23103133050777,0.9776
0.980920042040585,25.8099999999999,9988.5,1.12070498827714,0.2764
0.979784149484536,26.2699999999998,10065.87,1.11533505154639,0.2784
0.980933226065969,26.07,10032.51,1.11777956556718,0.271
0.980202762034007,25.7299999999999,10045.64,1.13706394188553,0.282
1,2.63085111891207e-28,10084.21,1.23266627916632,0.8046
0.980302299405049,27.0499999999998,10057.94,1.13241678726483,0.2598
1,0,10027.13,1.16150641287477,0.9726
0.991177694548481,11.4300000000001,10023.39,1.13191843528922,0.7714
1,2.75312455922133e-28,9998.51,1.23392959242016,0.7982
0.96641343462615,61.9299999999998,10065.75,1.12171131547381,0.1012
