"V1","V2","V3","V4","V5","V6","V7","V8","V9","V10","V11"
803,292,514,400,309,637,236,242,1280,741,246
818,270,527,338,380,420,258,251,981,1181,276
810,317,551,287,399,613,271,265,569,1351,267
811,345,538,297,374,889,249,245,515,1154,283
784,241,832,394,348,340,235,266,1148,842,270
818,333,768,255,384,794,236,241,413,1181,277
818,238,521,349,435,318,232,250,867,1328,344
805,278,523,356,380,465,262,240,990,1142,259
791,267,538,334,400,428,248,262,859,1335,238
842,240,537,376,386,363,243,236,1097,1138,242
823,231,541,403,390,244,234,253,1230,1064,287
836,333,522,288,376,948,256,254,592,1075,220
791,326,534,292,399,772,244,255,545,1277,265
818,304,538,313,385,657,236,259,879,1061,250
805,247,538,389,337,330,255,250,1233,1043,273
818,271,534,333,397,454,249,240,901,1244,259
804,308,535,318,373,634,256,254,761,1175,282
802,300,577,291,398,666,244,285,665,1226,246
782,291,535,309,383,558,264,263,870,1190,255
826,257,509,337,437,378,254,266,757,1332,347
842,353,541,256,392,936,226,242,480,1182,250
804,297,538,339,352,562,244,232,972,1101,259
821,277,522,337,381,486,222,248,1007,1150,249
836,294,544,284,385,635,234,272,598,1366,252
819,306,542,285,403,666,241,248,560,1365,265
815,228,531,365,386,238,262,236,1083,1311,245
799,294,526,276,409,689,231,290,605,1311,270
795,271,584,396,327,589,241,255,1254,737,251
827,240,538,370,390,279,235,236,1162,1187,236
826,362,523,269,358,931,264,265,509,1153,240
825,232,529,391,377,246,245,261,1244,1132,218
840,263,545,348,409,354,243,222,952,1257,267
816,241,542,369,372,337,264,252,1097,1165,245
820,236,539,386,362,270,229,238,1228,1126,266
817,224,541,382,392,302,234,271,1152,1116,269
823,228,531,344,417,249,247,269,977,1350,265
815,250,543,388,357,357,249,245,1179,1091,226
801,245,526,369,390,266,264,257,1108,1223,251
818,220,488,429,374,303,261,246,1167,869,525
817,259,526,361,394,357,255,242,1077,1160,252
812,243,543,365,390,280,228,230,1019,1333,257
806,231,533,405,368,258,234,262,1241,1115,247
854,285,537,285,398,564,254,246,727,1287,263
824,282,523,311,384,591,234,239,748,1309,255
802,229,525,379,402,271,251,258,1049,1249,285
809,287,464,292,479,266,235,672,716,1211,269
807,252,574,332,416,401,252,220,959,1226,261
793,271,524,344,384,476,262,268,969,1180,229
802,351,768,270,384,798,250,249,431,1160,237
816,252,563,308,430,312,256,247,849,1402,265
787,258,546,372,339,499,232,245,1090,1065,267
801,295,519,325,376,659,270,253,846,1104,252
817,245,530,399,365,344,267,246,1185,1042,260
812,318,554,274,401,871,275,215,440,1276,264
821,269,537,403,348,564,220,273,1223,800,242
810,229,541,397,373,266,250,240,1295,1047,252
788,252,546,362,402,244,247,259,987,1367,246
825,231,538,390,376,237,251,229,1219,1156,248
835,287,534,361,342,530,242,232,1096,982,259
827,313,524,337,362,694,239,233,850,1019,302
803,250,524,324,422,324,256,254,934,1345,264
832,279,540,313,402,581,248,227,621,1382,275
827,275,517,333,407,413,246,226,747,1368,341
827,266,527,324,416,452,237,236,865,1304,246
827,273,545,298,391,549,227,249,762,1310,269
800,283,539,330,396,552,261,240,853,1183,263
832,325,565,243,402,757,242,258,500,1339,237
798,259,534,401,325,399,284,259,1233,959,249
772,236,527,351,400,360,239,225,972,1362,256
828,243,524,399,384,312,265,239,1027,1173,306
820,331,543,364,307,820,255,282,1122,625,231
809,257,510,382,395,409,267,240,1019,1176,236
802,261,547,393,347,491,222,233,1214,935,255
811,235,535,386,378,360,265,250,1055,1163,262
786,259,522,380,379,365,260,254,1060,1193,242
810,253,519,360,386,319,289,243,992,1281,248
800,345,555,296,347,992,259,232,717,904,253
809,297,550,277,424,649,244,267,565,1333,285
804,303,529,351,367,741,253,253,982,855,262
814,241,522,333,422,395,240,246,967,1260,260
824,252,534,381,373,298,235,224,1159,1149,271
828,276,525,349,384,463,238,256,928,1167,286
817,239,544,321,427,341,244,224,943,1351,249
785,269,559,381,368,328,246,251,1212,1066,235
832,251,539,347,400,317,247,234,1120,1171,242
826,333,535,379,312,752,261,260,1110,686,246
825,246,554,356,372,339,250,252,990,1270,246
819,400,539,257,340,1246,226,262,458,896,257
789,230,546,358,388,406,255,270,1027,1184,247
813,316,618,292,386,665,247,243,595,1287,238
831,237,543,356,395,339,251,253,985,1250,260
820,244,536,371,378,302,264,240,1042,1256,247
818,285,549,349,397,419,248,284,855,1226,270
821,353,602,220,386,922,244,253,297,1357,245
810,251,534,345,405,377,258,256,857,1373,234
794,257,527,337,420,367,272,269,936,1292,229
816,346,537,247,394,884,258,238,388,1344,248
814,296,548,379,301,641,242,233,1163,831,252
804,240,545,359,364,338,255,241,1136,1156,262
803,337,533,255,400,800,242,248,531,1286,265
796,376,547,372,255,996,272,296,1076,484,230
796,283,541,332,397,467,260,235,810,1244,335
815,272,530,360,397,356,246,266,1020,1152,286
823,285,522,375,348,566,244,258,1108,943,228
815,302,523,313,376,707,247,250,667,1228,272
801,269,546,326,398,476,251,263,826,1283,261
823,285,529,317,431,505,240,243,736,1355,236
813,218,529,375,385,279,269,249,1175,1149,259
842,231,549,325,426,303,268,233,968,1306,249
799,276,526,302,420,532,263,247,723,1348,264
820,260,556,324,404,464,278,249,761,1354,230
788,247,541,410,366,279,229,247,1252,1077,264
813,250,552,327,414,386,239,233,864,1361,261
806,239,549,350,397,359,233,239,888,1359,281
819,313,539,308,396,685,246,243,563,1299,289
806,279,547,328,397,499,227,262,846,1253,256
804,298,555,303,398,588,234,233,694,1333,260
822,247,537,337,419,304,265,262,896,1337,274
801,251,523,364,373,442,238,259,932,1254,263
805,293,549,315,405,567,253,252,646,1361,254
807,240,541,370,378,348,262,266,1107,1126,255
808,295,532,355,337,654,264,231,986,975,263
796,254,534,376,358,391,259,268,1109,1079,276
811,276,544,319,389,463,230,239,889,1311,229
810,278,527,329,410,427,244,244,835,1329,267
798,296,534,359,369,621,220,253,930,1070,250
849,248,543,318,429,447,250,238,791,1347,240
822,273,538,340,389,451,249,239,926,1227,246
819,236,547,389,361,318,250,257,1178,1112,233
807,226,533,337,433,412,250,259,798,1287,358
813,273,529,367,355,430,269,257,1230,926,251
845,299,523,350,361,557,242,242,1141,900,240
782,263,534,329,424,404,237,248,874,1313,292
815,273,563,372,357,441,240,238,1124,1017,260
799,265,531,352,409,414,232,258,872,1231,337
793,243,514,367,403,338,238,248,999,1308,249
841,235,535,341,410,241,242,235,1019,1361,240
806,233,529,356,413,262,231,250,1040,1335,245
837,306,565,249,391,886,255,248,470,1254,239
819,251,557,336,409,456,228,246,744,1384,270
828,326,533,275,397,751,242,232,584,1297,235
811,238,554,363,408,325,245,246,1030,1230,250
818,301,535,364,347,755,227,255,886,979,233
794,326,518,264,428,765,264,267,450,1356,268
811,332,534,258,402,896,263,240,404,1315,245
828,278,568,292,411,506,264,246,695,1366,246
821,253,529,338,410,379,255,236,865,1343,271
802,310,514,310,413,671,235,293,769,1162,221
795,290,649,283,427,635,242,222,546,1345,266
809,314,548,267,407,684,226,233,536,1421,255
827,276,540,284,448,614,247,326,408,1334,396
806,261,527,376,367,389,257,241,1152,1070,254
827,384,528,295,339,1049,258,232,672,855,261
826,354,513,256,405,855,253,236,364,1327,311
797,339,528,283,379,960,247,251,516,1132,268
803,244,528,356,404,252,246,251,1072,1284,260
821,299,538,297,401,630,280,247,599,1319,269
813,313,534,344,339,733,248,258,957,908,253
827,248,533,377,378,307,218,247,1064,1257,244
816,258,527,390,418,264,228,232,939,1256,372
829,265,575,292,410,489,243,250,721,1370,256
817,350,540,373,269,1010,250,239,1092,486,274
799,330,531,283,378,737,280,254,649,1227,232
810,313,554,273,421,710,233,229,556,1352,249
830,241,536,355,408,326,273,247,1023,1186,275
836,295,543,298,382,689,252,256,698,1209,242
807,271,530,304,415,500,264,240,766,1343,260
807,307,547,272,416,800,230,246,437,1356,282
823,270,554,388,353,413,252,256,1112,1024,255
819,267,566,361,338,420,255,276,1115,1000,283
807,237,536,364,397,256,254,238,1066,1299,246
807,346,541,263,394,1003,263,243,395,1205,240
821,282,542,334,377,484,249,223,844,1290,254
821,274,552,383,332,526,246,224,1211,894,237
825,307,535,353,334,735,264,252,970,892,233
819,250,534,355,392,347,240,262,1099,1139,263
813,250,533,328,413,477,245,241,735,1342,323
805,271,539,388,342,504,255,236,1198,914,248
810,268,524,318,418,465,249,258,777,1375,238
812,263,544,328,383,403,243,233,877,1351,263
803,266,540,348,378,337,245,227,1164,1136,256
795,246,532,324,453,317,260,267,740,1371,395
835,322,547,290,397,676,223,252,679,1228,251
827,266,545,407,323,457,248,227,1324,820,256
823,331,545,369,300,786,240,243,1054,767,242
824,306,605,269,415,660,254,287,461,1376,243
815,223,543,386,365,358,246,239,1128,1154,243
813,296,531,423,287,707,251,238,1326,567,261
824,242,534,353,415,366,211,248,935,1287,285
827,413,548,322,270,1309,268,232,863,398,250
816,331,568,267,401,756,225,261,477,1347,251
841,359,525,252,372,1054,242,238,460,1105,252
812,280,548,307,384,503,244,262,707,1386,267
806,233,552,363,367,285,261,259,1090,1242,242
821,232,538,395,376,278,253,246,1198,1117,246
833,396,504,296,299,1280,249,254,673,652,264
828,346,537,282,352,933,242,267,469,1218,226
840,233,541,375,368,317,247,265,1191,1083,240
819,260,529,358,363,457,244,249,1030,1149,242
810,297,540,347,362,573,236,253,855,1167,260
836,256,529,348,408,373,259,236,815,1291,349
831,261,537,346,407,372,229,232,936,1290,259
803,257,540,322,408,417,240,267,906,1313,227
823,271,519,330,419,556,237,269,732,1301,243
825,226,536,353,428,236,280,232,1012,1320,252
809,251,542,339,418,325,219,258,920,1373,246
852,261,531,323,395,496,235,221,917,1217,252
819,291,537,365,327,566,249,248,1105,923,270
829,298,577,381,302,543,230,256,1215,804,265
831,332,560,377,281,896,233,244,1132,560,254
807,258,540,324,421,402,244,237,831,1398,238
820,377,558,229,382,1064,254,235,374,1172,235
806,342,548,275,366,987,231,269,579,1031,266
817,302,552,332,328,586,227,273,928,1113,242
815,348,523,238,413,980,259,238,290,1337,259
833,272,527,333,381,422,255,252,847,1322,256
821,244,530,344,420,344,253,260,907,1361,216
792,253,547,330,404,391,254,255,911,1315,248
816,270,532,330,397,524,257,249,768,1294,263
821,233,535,374,378,320,251,265,1126,1127,270
803,345,532,288,391,1033,263,223,580,980,262
810,235,526,377,383,243,255,275,1135,1219,242
810,325,624,291,400,750,234,248,453,1319,246
800,255,575,332,426,398,265,240,878,1279,252
805,268,531,358,376,426,227,269,1012,1190,238
825,246,548,363,412,259,225,266,1073,1236,247
804,268,515,341,394,332,236,247,1127,1178,258
819,257,527,369,361,341,266,245,1142,1119,254
833,268,524,329,396,404,247,255,920,1298,226
828,258,510,368,384,346,252,253,988,1263,250
811,224,542,361,396,235,237,258,1118,1251,267
824,327,554,274,405,849,244,240,460,1244,279
806,232,537,385,372,340,260,276,1034,1180,278
817,232,523,375,364,266,251,251,1156,1202,263
816,302,537,285,414,662,256,237,595,1341,255
809,254,547,362,392,295,238,282,1007,1270,244
810,311,564,286,410,598,256,288,525,1391,261
815,258,539,346,401,436,231,259,877,1241,297
830,253,529,316,408,464,237,252,798,1356,257
828,248,527,347,395,336,255,245,997,1295,227
820,279,541,296,420,606,244,232,660,1353,249
806,303,560,318,390,736,271,255,670,1173,218
820,312,556,279,382,700,261,273,601,1278,238
828,216,551,387,396,262,249,251,954,1370,236
815,300,533,300,430,511,224,254,669,1362,302
804,360,550,311,351,882,261,257,669,982,273
827,324,544,400,306,765,237,229,1157,663,248
818,337,535,333,330,915,257,247,814,885,229
808,272,541,326,402,543,257,258,832,1202,259
833,254,536,387,345,372,240,235,1233,1014,251
799,250,517,341,405,388,256,250,870,1313,311
803,268,523,366,370,384,235,235,1060,1194,262
818,301,531,349,378,627,234,260,960,1018,224
819,333,560,275,379,956,264,270,517,1077,250
813,266,518,321,392,557,237,254,829,1231,282
815,341,542,327,345,976,236,244,764,849,261
813,328,526,289,397,752,238,248,533,1301,275
799,257,569,383,397,345,239,244,971,1099,397
809,397,552,264,306,1201,254,271,602,802,242
818,287,575,333,373,563,244,243,776,1239,249
793,326,562,310,385,734,247,252,707,1153,231
803,253,509,393,385,272,253,245,1089,1178,320
798,275,540,367,366,478,247,238,1104,1031,256
823,322,539,290,390,719,258,223,523,1339,274
809,296,515,377,340,623,239,269,1015,955,262
840,311,542,265,420,732,245,260,469,1337,279
809,289,512,372,360,548,234,260,1003,1032,281
833,248,541,352,403,405,237,232,754,1363,332
825,359,527,265,360,1083,247,252,427,1087,268
816,281,529,337,398,509,254,242,775,1311,248
811,267,524,350,382,575,244,262,899,1097,289
791,311,531,281,414,644,256,255,604,1376,237
795,254,541,348,413,422,242,254,810,1366,255
799,329,533,377,306,773,241,257,1238,552,295
822,233,518,392,384,257,247,246,1164,1187,250
806,330,566,281,393,767,254,250,617,1192,244
806,234,594,367,401,270,233,247,974,1307,267
824,215,547,409,352,258,256,240,1183,1130,286
825,295,527,350,355,459,245,262,1011,1131,240
810,265,516,342,398,337,235,248,1016,1246,287
852,289,531,262,425,674,237,260,545,1340,285
810,235,675,384,376,410,242,252,1005,1066,245
834,263,532,390,353,426,245,253,1221,888,295
816,247,516,346,434,342,252,256,840,1276,375
821,322,571,421,279,659,242,239,1318,610,218
840,333,545,240,422,971,257,226,290,1331,245
810,230,542,374,395,281,254,213,1185,1161,255
812,232,537,370,423,249,259,216,1033,1296,273
810,286,536,308,387,661,254,270,740,1191,257
829,267,534,353,373,418,256,237,1023,1154,256
806,301,547,371,321,576,248,251,1164,862,253
805,283,515,308,413,541,254,243,738,1331,269
794,266,528,337,415,419,226,252,892,1261,310
826,254,526,379,388,262,230,257,1135,1194,249
805,294,559,300,404,625,249,253,698,1257,256
808,241,670,359,399,286,253,257,1055,1132,240
839,249,523,412,327,460,279,235,1275,853,248
798,297,533,322,391,635,260,260,762,1193,249
811,247,514,362,387,276,262,241,1133,1221,246
797,286,521,398,338,570,241,245,1144,856,304
821,239,551,376,389,258,239,231,1083,1251,262
817,331,560,256,404,801,226,257,426,1360,262
828,289,525,294,389,711,256,263,592,1295,258
787,251,538,387,354,387,259,247,1115,1089,286
804,264,532,330,416,498,265,246,673,1314,358
842,307,535,330,369,612,270,251,886,1061,237
832,286,501,322,392,620,249,292,698,1223,285
833,255,554,335,395,408,240,264,844,1317,255
806,266,554,313,405,454,247,253,841,1310,251
830,357,513,330,333,997,218,250,784,803,285
820,253,528,331,419,293,262,241,1024,1265,264
801,279,521,384,355,399,256,304,1189,978,234
828,299,554,347,342,717,247,244,998,879,245
833,326,534,278,380,903,255,251,580,1097,263
794,238,532,342,404,264,265,252,1059,1309,241
821,355,535,306,379,914,243,242,631,1006,268
807,310,514,299,405,680,250,265,564,1326,280
806,218,550,380,378,264,223,257,1201,1161,262
825,246,562,346,416,292,251,226,958,1312,266
830,272,529,321,401,499,257,244,767,1321,259
824,295,569,373,314,757,259,254,1111,702,242
808,261,533,319,406,530,248,267,745,1306,277
819,233,547,368,399,267,252,262,1151,1171,231
821,255,536,405,344,316,247,277,1240,1030,229
831,294,529,290,416,714,254,255,535,1316,266
782,312,534,355,322,721,250,258,915,1006,245
837,251,544,335,389,394,256,265,920,1262,247
815,243,549,384,396,306,234,258,986,1287,242
805,263,537,357,392,407,256,280,913,1283,207
811,244,595,348,407,287,257,236,874,1359,282
821,252,516,363,404,298,246,251,1122,1186,241
841,266,540,311,429,474,251,263,694,1312,319
810,250,530,380,387,277,238,236,1242,1085,265
835,278,527,318,414,557,242,249,704,1315,261
841,322,571,273,410,767,272,220,441,1325,258
828,310,526,278,404,770,230,256,467,1374,257
786,254,538,369,403,252,259,223,1152,1204,260
808,238,516,385,362,276,268,248,1268,1085,246
830,324,560,356,312,843,238,268,1037,637,295
806,256,534,321,410,478,256,245,847,1304,243
789,259,546,346,395,341,240,246,1083,1223,232
788,275,533,322,400,569,251,259,731,1313,259
843,312,511,335,383,547,251,233,726,1198,361
811,321,537,264,398,802,249,267,481,1310,260
826,284,538,303,406,536,269,243,746,1305,244
807,234,531,353,410,312,235,237,965,1345,271
823,258,540,331,407,458,261,245,769,1373,235
799,253,521,368,391,374,241,233,1076,1200,244
832,324,526,265,389,954,266,241,455,1154,294
829,233,530,372,394,279,240,250,1173,1154,246
839,257,547,389,356,395,224,246,1156,1039,252
823,284,538,317,422,566,242,227,713,1290,278
812,240,541,399,380,289,246,237,1076,1084,396
833,310,519,266,411,712,254,259,461,1363,312
793,268,529,316,411,466,256,257,736,1390,278
800,243,531,369,375,321,245,250,1102,1226,238
815,361,519,279,360,1105,231,250,426,1107,247
820,280,800,290,427,407,235,258,611,1302,270
830,287,521,310,409,500,260,251,781,1318,233
827,300,528,381,341,537,237,233,1077,969,270
807,243,540,373,370,310,235,229,1251,1095,247
814,253,518,391,378,350,251,237,1125,1082,301
820,369,531,307,309,1028,239,246,684,927,240
835,258,555,342,393,431,276,266,903,1225,216
809,333,512,405,314,790,248,263,1132,564,330
819,331,542,256,406,771,248,234,482,1321,290
839,307,487,304,456,519,246,251,435,1328,528
819,315,518,337,338,750,227,259,986,896,255
808,365,539,265,356,1073,238,247,569,970,270
814,371,540,335,292,1110,252,263,910,586,227
808,329,521,262,426,836,242,323,434,1267,252
811,256,567,359,402,413,247,243,902,1248,252
817,276,547,351,378,432,239,241,1039,1141,239
841,273,540,350,371,438,234,242,1085,1072,254
817,237,530,332,420,306,239,252,1002,1308,257
811,250,524,367,377,411,242,240,1137,1087,254
806,294,533,286,410,761,256,221,596,1282,255
783,284,517,414,314,604,232,278,1228,675,371
796,312,541,271,430,685,233,261,568,1356,247
824,258,502,336,433,347,262,272,706,1375,385
831,287,530,317,393,534,249,257,699,1334,269
817,249,533,403,349,367,246,245,1216,1021,254
825,283,551,321,361,576,272,265,817,1172,257
812,262,524,332,410,417,249,245,861,1325,263
848,255,528,318,405,530,232,249,795,1277,263
814,322,543,321,344,835,241,275,816,934,255
807,272,549,377,366,390,244,249,1153,1039,254
824,275,531,364,365,444,238,248,1053,1110,248
815,283,591,363,363,424,232,265,894,1213,257
788,254,544,307,424,474,263,235,783,1401,227
824,347,544,353,320,854,245,234,886,842,251
808,357,528,291,341,1091,248,240,631,893,272
780,284,537,398,323,475,233,267,1238,910,255
794,275,533,295,439,636,250,257,544,1366,311
831,281,555,360,378,499,234,262,943,1115,242
795,292,503,331,387,584,238,251,823,1122,374
814,252,513,410,355,270,250,242,1295,1057,242
832,296,540,306,403,648,235,246,704,1235,255
830,247,630,346,419,297,239,240,873,1316,263
810,251,548,391,357,462,225,251,1176,970,259
808,237,537,386,379,224,251,242,1248,1125,263
807,250,494,361,388,313,212,267,999,1367,242
803,228,535,354,407,265,246,259,970,1379,254
800,245,527,363,395,290,243,253,1057,1270,257
805,387,522,275,341,1287,265,250,486,819,263
812,377,523,278,361,1090,257,246,479,1002,275
806,237,541,344,415,340,223,277,880,1362,275
809,234,557,382,389,234,250,246,1198,1166,235
801,297,496,285,439,701,238,255,348,1439,401
817,253,517,371,399,347,245,258,959,1306,228
855,254,562,360,407,458,241,229,853,1225,256
789,331,524,273,378,883,251,255,549,1192,275
814,259,621,329,421,403,233,232,749,1341,298
804,246,519,386,369,264,261,243,1295,1071,242
820,289,633,295,446,547,229,269,310,1392,470
810,244,614,350,402,386,249,247,888,1269,241
816,293,518,334,387,567,259,269,774,1239,244
822,282,551,344,378,568,249,237,985,1027,257
825,260,534,357,370,369,258,249,1027,1208,243
831,251,522,351,382,323,255,237,1084,1204,260
841,276,532,373,339,549,225,275,1059,1003,228
840,321,529,250,413,895,246,245,428,1284,249
818,276,532,353,396,533,258,248,853,1204,229
820,301,540,345,365,593,248,236,868,1097,287
818,229,528,410,352,252,256,261,1240,1089,265
835,277,531,352,384,513,237,229,907,1177,258
817,304,524,399,304,635,232,247,1281,684,273
808,265,531,390,379,412,248,225,971,1220,251
813,251,540,380,387,332,257,239,1033,1221,247
819,232,530,385,391,326,257,227,1101,1176,256
801,308,540,315,374,736,244,255,755,1106,266
819,282,542,349,370,438,245,253,924,1218,260
799,387,537,239,367,1135,224,262,285,1209,256
817,231,545,343,408,308,227,245,985,1332,259
840,245,528,369,404,292,247,234,1174,1108,259
808,305,525,319,379,708,269,270,715,1147,255
830,288,530,358,365,663,236,258,939,996,237
792,312,555,307,412,592,232,246,628,1364,260
821,222,582,349,409,252,254,253,1042,1257,259
796,273,563,294,420,554,276,252,670,1356,246
810,321,536,262,398,893,275,228,454,1259,264
821,301,520,254,427,825,256,256,410,1253,377
821,353,532,256,408,952,233,255,344,1306,240
800,318,540,271,393,723,219,260,604,1324,248
817,246,540,363,371,323,255,259,1128,1158,240
810,258,530,308,430,513,251,262,672,1310,356
799,332,545,240,410,986,256,249,308,1311,264
816,344,518,348,320,971,245,244,935,652,307
791,241,535,375,388,317,244,232,1145,1198,234
803,248,519,375,399,263,249,264,1061,1234,285
808,241,545,402,366,254,244,225,1221,1146,248
815,255,575,349,427,333,244,263,865,1340,234
846,260,533,370,381,351,233,257,995,1232,242
840,328,547,266,404,877,248,252,448,1227,263
802,263,535,321,406,403,233,247,867,1321,302
808,277,617,328,409,442,249,232,785,1266,287
797,285,507,343,361,522,251,238,996,1083,317
847,266,522,318,398,490,238,259,801,1314,247
835,264,545,329,416,425,242,216,801,1388,239
810,265,529,357,358,479,257,238,975,1173,259
807,274,523,373,332,498,263,255,1106,1007,262
814,236,563,325,414,391,272,245,806,1384,250
823,326,556,280,412,768,239,261,461,1320,254
802,267,539,391,339,429,226,269,1261,946,231
825,334,513,379,307,748,237,232,1142,709,274
815,305,544,319,357,661,262,245,926,992,274
789,268,516,372,392,377,252,244,942,1301,247
808,307,547,282,409,751,242,230,547,1320,257
827,270,522,360,374,477,245,254,1087,1030,254
821,222,544,367,415,259,232,269,1023,1324,224
826,240,557,323,415,274,240,269,982,1324,250
804,298,553,282,443,698,269,255,409,1360,329
825,260,535,339,409,470,235,239,811,1335,242
806,377,521,374,232,1020,247,260,1297,319,247
797,241,534,359,372,332,270,250,1151,1151,243
822,320,516,344,314,846,251,259,913,843,272
825,261,575,343,394,340,252,250,820,1369,271
797,252,517,356,400,238,257,248,1060,1329,246
812,364,537,225,410,1146,251,259,254,1191,251
828,231,555,362,395,244,231,265,1038,1288,263
801,305,537,288,409,612,220,222,630,1400,276
810,340,548,245,393,1035,226,260,326,1260,257
790,239,561,370,382,271,252,238,1189,1102,306
832,282,595,304,407,593,230,255,591,1335,276
802,251,518,382,402,360,240,225,1105,1151,264
819,249,526,396,363,328,269,243,1287,997,223
824,240,517,343,405,302,252,261,1005,1295,256
812,267,544,315,406,535,252,253,752,1313,251
821,230,597,352,408,268,251,270,896,1375,232
853,320,550,341,326,783,262,236,853,925,251
807,264,538,372,362,401,263,260,1005,1171,257
816,302,540,274,416,677,233,247,533,1363,299
808,276,544,307,427,651,243,246,721,1235,242
801,274,534,305,406,540,266,246,787,1303,238
836,347,641,336,288,981,250,250,942,559,270
804,261,509,314,428,390,223,241,871,1399,260
812,241,548,380,387,263,243,243,1091,1249,243
820,319,526,369,322,632,235,270,1113,859,235
797,232,590,338,394,297,253,261,897,1394,247
827,292,557,305,405,516,262,248,678,1357,253
805,324,553,327,321,750,281,244,1002,836,257
828,313,624,261,408,693,250,242,476,1342,263
812,304,525,289,415,696,244,253,658,1255,249
816,230,514,385,361,275,274,243,1308,1054,240
791,247,581,344,437,351,281,246,721,1346,355
807,240,543,354,404,286,240,244,1111,1244,227
820,236,543,367,383,302,229,268,1055,1258,239
812,285,552,305,387,573,235,264,769,1258,260
808,329,518,281,403,736,222,272,580,1294,257
798,292,545,364,349,653,226,244,926,1031,272
833,284,539,283,425,653,231,244,551,1398,259
836,307,507,313,396,664,256,233,572,1356,260
825,254,528,375,371,355,241,272,1221,1026,232
805,242,550,375,380,279,251,248,1261,1079,230
797,230,534,395,376,280,251,252,1249,1092,244
839,223,521,357,413,254,239,250,962,1241,401
809,249,506,369,388,422,247,260,975,1123,352
808,286,524,317,407,533,236,247,814,1280,248
825,258,582,334,394,371,243,253,931,1256,253
819,283,490,291,465,531,253,350,511,1343,364
829,321,539,355,320,667,243,254,1035,873,264
830,379,522,290,329,1144,250,236,517,867,336
804,282,553,339,409,501,261,232,715,1276,328
810,247,536,335,447,287,230,248,806,1349,405
793,288,534,368,354,512,242,256,992,1104,257
813,249,535,323,403,381,226,275,938,1332,225
817,258,524,373,376,330,240,255,1196,1054,277
793,253,521,343,408,338,240,262,818,1372,352
803,270,537,315,408,473,252,271,801,1297,273
815,271,536,366,373,346,249,239,1106,1144,255
806,350,523,264,396,940,233,244,367,1318,259
810,312,546,312,401,650,276,255,631,1257,250
809,240,532,406,351,308,256,256,1331,952,259
837,242,532,345,389,267,259,234,1072,1260,263
824,284,538,389,319,622,255,240,1232,758,239
807,242,551,377,385,333,254,254,987,1196,314
813,259,532,316,412,421,247,234,839,1358,269
837,279,548,327,364,557,234,260,889,1178,227
822,247,525,354,388,451,200,266,977,1236,234
843,247,545,346,410,248,255,262,1054,1256,234
812,280,531,336,379,506,239,256,905,1196,260
823,222,523,377,378,334,274,254,1111,1128,276
793,313,532,291,418,625,246,267,613,1338,264
823,310,547,383,310,714,235,259,1083,748,288
812,281,517,326,401,461,247,264,745,1332,314
822,235,545,370,397,272,248,234,1099,1243,235
822,234,507,369,393,240,229,235,1126,1305,240
811,275,539,393,331,500,236,248,1314,797,256
814,351,503,313,375,793,247,249,554,1064,437
825,223,526,394,372,304,233,239,1222,1088,274
798,244,526,375,383,318,253,253,1104,1181,265
807,324,549,313,386,700,254,276,624,1247,220
811,305,527,332,370,757,252,241,700,1155,250
821,260,531,392,336,393,246,261,1189,1026,245
808,328,538,282,409,787,250,231,466,1314,287
825,251,544,357,415,309,236,248,1039,1231,245
832,275,553,339,398,505,259,242,755,1296,246
832,331,540,280,387,818,250,252,563,1213,234
796,314,532,371,343,758,243,254,1095,747,247
793,331,533,310,346,1014,248,262,625,973,265
809,256,537,321,408,406,240,244,885,1347,247
792,248,528,390,376,367,265,240,1200,1040,254
799,261,515,317,449,491,236,262,622,1359,389
816,238,522,355,414,325,247,260,1046,1230,247
826,255,547,386,370,382,251,235,1130,1067,251
799,296,545,306,380,698,240,252,712,1222,250
795,262,523,368,368,411,246,261,1112,1073,281
805,259,527,373,382,262,255,263,1078,1240,256
823,257,571,348,417,338,257,232,744,1339,374
809,338,528,244,403,920,218,242,428,1331,239
820,249,595,325,411,389,238,245,857,1284,287
813,272,536,308,404,543,250,251,736,1320,267
800,274,566,402,308,497,256,256,1267,824,250
791,293,537,305,385,795,239,265,690,1166,234
814,303,603,296,391,615,257,229,614,1315,263
791,355,568,366,281,861,229,250,1096,623,280
794,284,562,341,387,465,246,241,940,1201,239
816,317,522,261,443,755,258,239,447,1356,286
797,247,539,371,363,422,237,253,1034,1186,251
810,291,518,326,400,349,249,229,964,1299,265
834,291,559,332,389,641,265,240,715,1211,223
816,252,534,362,380,351,255,232,939,1290,289
810,278,547,335,391,406,252,236,906,1264,275
814,253,520,336,401,379,257,252,897,1333,258
801,246,524,347,430,362,252,260,769,1293,416
813,279,537,297,423,613,218,251,656,1343,270
807,281,522,323,390,564,252,252,801,1251,257
801,257,545,369,382,377,252,237,1153,1093,234
854,266,531,325,390,467,224,244,858,1294,247
814,318,536,310,387,695,235,253,653,1233,266
796,336,540,282,392,878,239,236,558,1199,244
803,440,549,296,249,1351,233,243,828,446,262
812,358,570,237,396,921,262,302,289,1316,237
816,255,517,342,385,384,244,273,1016,1197,271
823,274,553,319,421,537,259,216,685,1350,263
826,349,533,264,378,1032,250,234,343,1226,265
809,265,514,325,418,481,269,257,693,1379,290
823,289,524,407,301,725,233,237,1218,674,269
820,238,537,347,402,313,256,266,953,1303,265
807,249,523,335,451,274,257,273,869,1383,279
813,311,523,301,378,683,245,244,791,1155,256
804,297,509,286,425,621,253,242,592,1365,306
830,240,534,355,387,309,283,247,1098,1153,264
812,297,631,337,371,561,247,262,818,1113,251
803,218,551,353,415,274,252,262,998,1310,264
807,319,541,328,351,699,271,269,795,1061,259
820,287,540,398,321,558,240,273,1168,826,269
816,274,541,338,388,427,235,257,946,1239,239
807,286,555,306,407,548,250,241,724,1320,256
806,236,532,351,423,296,237,241,968,1364,246
821,242,548,353,384,450,213,255,1124,1068,242
804,258,535,398,354,473,232,249,1219,806,372
842,243,441,363,434,339,244,275,735,1014,770
811,253,519,376,370,251,269,256,1113,1215,267
829,284,529,286,395,637,246,251,682,1273,288
785,250,527,327,434,314,274,286,912,1352,239
818,240,529,362,383,303,258,222,1080,1249,256
838,307,526,308,390,678,218,251,708,1244,232
809,249,534,316,413,420,242,279,938,1268,232
822,271,535,336,409,440,228,268,842,1322,227
822,304,560,280,397,690,251,260,536,1345,255
800,298,556,337,361,654,242,255,980,979,238
785,271,552,366,349,540,238,246,1108,997,248
807,239,539,358,393,256,265,246,1021,1308,268
828,276,546,303,418,444,259,260,714,1329,323
820,280,521,372,357,484,251,243,1138,968,266
814,228,524,378,400,246,267,238,1150,1184,271
813,262,537,368,366,407,262,257,1058,1110,260
815,258,534,367,386,364,235,243,1062,1173,263
806,278,534,280,443,626,217,261,519,1376,360
833,251,556,336,427,422,271,235,769,1351,249
807,237,529,340,401,271,258,239,1000,1354,264
802,313,538,288,390,702,240,246,657,1271,253
819,236,554,358,376,368,246,282,1087,1126,248
808,242,560,325,417,478,251,227,879,1233,280
806,250,518,372,394,297,257,273,1034,1243,256
853,261,528,323,397,480,247,246,862,1255,248
826,297,530,344,371,666,250,255,928,976,257
815,251,521,349,424,383,234,248,893,1327,255
819,359,509,273,380,1053,236,267,383,1164,257
817,336,529,253,400,936,252,254,357,1321,245
843,245,516,342,400,383,250,239,928,1320,234
803,329,538,352,314,883,262,231,1010,743,235
818,250,513,370,391,380,256,231,906,1311,274
825,256,535,377,377,379,255,237,1077,1128,254
820,312,499,285,441,666,252,248,420,1287,470
806,215,551,390,383,276,233,229,1227,1132,258
823,276,570,325,402,585,252,249,705,1256,257
804,249,536,398,381,307,274,243,1185,1056,267
814,242,541,353,411,348,228,242,969,1291,261
822,246,573,343,399,373,258,249,861,1331,245
805,374,543,341,334,934,255,223,792,842,257
817,355,519,287,363,946,261,255,587,1062,248
850,348,532,242,406,905,243,274,381,1264,255
849,232,540,373,398,239,265,245,1043,1266,250
800,295,527,340,373,549,234,239,906,1181,256
815,240,533,353,397,326,251,250,981,1291,263
826,321,522,288,400,838,253,264,506,1232,250
779,242,546,363,381,362,256,223,1090,1189,269
817,223,540,352,415,299,247,246,1004,1296,261
801,283,516,343,389,457,271,256,881,1223,280
807,244,553,357,398,374,255,239,875,1355,243
826,264,525,354,377,545,258,261,976,1062,252
812,230,553,364,401,352,229,282,992,1248,237
847,251,547,341,385,374,261,268,929,1251,246
825,274,600,313,402,520,268,230,642,1370,256
811,305,547,363,318,777,255,237,1060,789,238
840,279,515,332,403,514,227,238,815,1275,262
815,289,561,349,372,521,230,241,1027,1039,256
798,243,542,413,351,327,244,251,1353,930,248
823,250,537,360,385,445,255,247,985,1174,239
816,233,555,368,378,249,238,260,1152,1208,243
792,244,536,325,426,329,262,245,865,1403,273
811,253,535,342,395,445,240,279,970,1151,279
792,253,541,381,362,400,230,250,1084,1159,248
792,252,550,329,403,403,225,240,868,1375,263
801,270,528,308,424,431,245,258,835,1331,269
824,245,540,355,429,300,243,236,1000,1287,241
833,314,552,332,347,811,225,256,895,889,246
810,226,548,382,377,268,262,236,1094,1236,261
813,257,551,337,401,424,262,266,918,1206,265
821,315,536,353,318,814,231,260,1037,761,254
813,258,523,381,364,410,237,249,1198,1032,235
791,257,541,379,358,436,253,254,1100,1074,257
839,236,550,328,425,444,235,258,846,1215,324
837,304,532,307,397,756,244,256,645,1172,250
828,261,575,340,402,299,246,285,920,1298,246
822,265,541,331,391,464,275,260,850,1259,242
808,304,537,288,414,674,241,248,600,1334,252
817,235,539,361,366,345,246,258,1047,1237,249
835,279,522,350,387,472,230,236,893,1262,234
819,261,525,321,418,502,222,252,699,1420,261
822,250,524,374,379,304,269,260,1118,1150,250
816,235,527,404,387,336,251,249,1070,1010,415
808,244,536,358,403,370,257,244,1013,1207,260
788,304,530,288,406,604,247,252,679,1330,272
830,281,523,325,397,416,255,226,821,1345,281
815,243,522,351,439,323,249,223,902,1371,262
814,267,521,340,417,346,242,247,963,1306,237
805,266,538,340,417,362,253,265,975,1239,240
814,243,520,358,407,263,264,236,1016,1309,270
825,245,512,343,422,371,268,265,722,1340,387
822,340,513,340,334,794,264,253,922,851,267
816,244,518,358,391,428,253,248,989,1201,254
798,304,525,310,399,649,232,260,663,1305,255
824,302,530,371,332,696,219,248,1141,788,249
816,296,530,353,357,627,251,249,969,990,262
814,305,516,289,417,666,244,233,630,1329,257
843,307,568,319,391,656,246,264,725,1154,227
808,249,531,360,408,277,254,241,1060,1274,238
816,243,537,362,377,346,229,235,1037,1259,259
822,271,525,334,417,488,261,248,764,1330,240
787,271,589,307,419,431,242,268,777,1340,269
822,279,557,344,356,525,255,255,931,1123,253
792,259,538,375,340,546,241,249,1209,885,266
841,285,519,328,377,527,261,250,932,1159,221
813,252,569,350,382,497,245,247,942,1130,273
823,223,548,342,390,335,237,265,1029,1243,265
849,239,529,409,344,302,245,247,1190,1051,295
795,242,559,403,350,288,247,270,1278,992,276
837,274,630,333,419,441,255,233,864,1189,225
803,230,556,384,365,224,244,252,1148,1214,280
809,239,530,365,390,266,245,238,1185,1207,226
792,264,537,345,378,459,232,243,1066,1141,243
803,307,567,327,371,626,244,226,829,1136,264
820,276,528,336,386,557,261,251,880,1149,256
830,232,544,399,380,254,248,243,1124,1207,239
804,284,592,374,297,715,277,251,1107,746,253
831,244,540,356,432,301,251,238,967,1273,267
830,284,537,325,392,545,225,241,843,1210,268
815,311,592,273,421,642,269,247,539,1309,282
838,308,561,335,349,717,238,255,913,927,259
836,269,531,337,395,601,248,230,729,1286,238
819,358,525,384,258,1097,258,248,1171,341,241
840,257,536,345,388,411,256,245,848,1325,249
848,249,556,366,367,394,225,257,1120,1077,241
820,335,552,277,358,875,268,244,581,1124,266
799,243,533,352,403,284,246,243,956,1333,308
818,209,531,383,373,294,233,249,1209,1115,286
825,285,539,310,420,619,251,240,653,1319,239
810,320,521,334,364,648,255,254,793,1161,240
826,252,517,357,387,341,248,282,1002,1269,219
794,260,525,367,391,417,236,226,869,1358,257
814,249,549,347,412,316,241,252,954,1300,266
799,226,541,356,409,278,257,274,983,1322,255
811,318,508,290,402,832,242,279,463,1296,259
828,256,515,399,384,251,241,247,1186,1126,267
805,311,510,321,397,603,262,235,738,1267,251
810,244,549,350,402,324,276,245,984,1253,263
821,263,528,386,364,341,258,245,1154,1090,250
824,271,514,300,429,454,261,257,768,1381,241
826,226,537,398,349,291,242,259,1239,1057,276
808,232,535,335,424,354,289,251,873,1314,285
802,270,543,298,413,598,249,228,747,1287,265
827,327,539,276,389,732,272,269,538,1277,254
840,314,545,305,403,750,236,244,546,1273,244
827,270,536,377,385,368,245,250,1013,1200,229
809,258,549,361,372,501,244,258,1010,1092,246
809,296,540,305,401,496,248,255,853,1244,253
847,262,543,386,333,564,232,237,1117,921,258
826,263,528,307,431,495,249,249,687,1311,354
811,251,511,362,430,285,235,250,980,1321,264
829,323,534,341,335,732,244,266,946,891,259
827,245,519,361,368,418,244,233,1150,1081,254
795,271,539,385,340,567,258,237,1180,834,294
818,262,596,353,382,383,238,254,945,1226,243
824,223,546,331,415,273,251,236,930,1416,255
800,255,549,353,407,321,231,229,921,1347,287
823,286,563,371,351,507,255,236,1103,938,267
815,335,523,313,360,816,258,225,729,1075,251
820,278,546,327,431,350,249,248,804,1364,283
842,272,731,326,400,429,243,229,743,1216,269
824,265,537,420,318,514,241,268,1236,817,260
817,311,531,281,410,745,231,253,630,1275,216
819,262,507,326,419,428,250,247,832,1337,273
807,375,512,276,351,1008,243,247,510,1124,247
832,259,545,387,338,438,242,249,1149,999,262
806,287,553,321,396,638,271,235,703,1246,244
794,265,538,315,415,438,251,256,821,1344,263
828,297,516,308,418,548,213,259,638,1320,355
800,246,527,355,391,287,250,271,1071,1244,258
801,250,531,336,393,350,257,246,912,1344,280
805,284,567,321,410,469,260,246,758,1292,288
795,284,552,368,337,587,239,268,1080,935,255
826,350,532,392,266,858,266,263,1190,505,252
801,326,480,339,391,715,257,233,571,1064,523
809,269,531,313,427,489,258,241,717,1379,267
817,324,525,382,293,707,253,236,1288,629,246
819,253,518,348,381,426,246,246,951,1261,251
830,274,563,286,419,672,256,250,536,1305,309
812,311,538,288,398,663,230,271,670,1265,254
825,298,534,367,307,723,234,285,1078,803,246
817,235,537,345,415,279,255,238,1069,1263,247
818,236,599,351,402,311,228,260,982,1266,247
815,335,570,254,404,755,233,250,506,1320,258
795,256,518,363,401,264,248,239,1018,1340,258
818,331,537,291,387,784,245,236,630,1192,249
846,244,542,376,375,280,247,250,1201,1104,235
821,305,526,310,355,848,230,246,825,955,279
795,264,539,288,405,560,252,255,694,1390,258
814,252,535,329,402,395,266,224,890,1333,260
820,305,526,339,398,461,270,241,833,1268,239
819,270,518,391,339,511,252,256,1229,872,243
841,249,545,359,408,294,268,251,962,1283,240
822,264,537,328,415,424,243,268,878,1270,251
812,298,527,333,353,712,262,274,968,888,273
814,241,534,366,372,317,245,229,1121,1189,272
809,296,528,305,421,611,241,242,643,1359,245
816,270,516,425,309,512,239,234,1313,789,277
795,293,527,278,422,753,249,255,514,1349,265
820,299,534,345,380,509,246,232,814,1279,242
836,325,532,259,396,786,265,251,500,1306,244
836,249,512,337,400,425,253,266,858,1288,276
836,257,546,315,401,531,257,269,702,1347,239
824,372,536,249,383,1108,235,258,327,1184,224
836,261,526,374,382,285,227,253,1202,1096,258
805,263,523,344,387,414,229,268,968,1259,240
805,244,522,359,387,254,239,285,1070,1300,235
823,357,523,237,396,1083,250,234,292,1244,261
795,246,546,325,434,293,248,252,938,1367,256
836,271,527,323,448,458,241,256,664,1350,326
860,308,536,275,401,794,235,218,559,1280,234
819,341,535,403,253,866,235,265,1393,348,242
801,246,543,329,422,336,263,237,835,1372,316
840,250,531,333,418,398,247,253,840,1348,242
791,306,536,276,412,632,277,252,587,1401,230
819,242,533,352,389,245,227,250,1184,1191,268
797,238,532,395,373,226,267,256,1266,1094,256
818,275,530,337,390,357,237,253,841,1377,285
811,282,521,344,353,650,268,235,989,994,253
815,290,543,318,418,485,253,231,699,1342,306
789,287,524,409,314,580,260,245,1302,744,246
792,227,526,378,384,332,261,243,1069,1245,243
815,242,526,333,411,308,250,253,1009,1302,251
828,249,524,414,358,303,246,241,1185,982,370
825,314,546,222,423,804,259,248,424,1383,252
819,235,552,394,352,389,248,239,1205,989,278
830,241,520,354,406,270,238,244,991,1360,246
816,260,525,312,424,378,224,265,821,1349,326
793,235,577,360,406,292,257,231,981,1314,254
795,277,525,320,388,619,247,257,842,1165,265
791,272,523,328,368,528,279,261,879,1211,260
798,225,542,358,398,284,257,265,1127,1216,230
821,248,534,366,389,268,266,252,1043,1286,227
813,243,542,359,398,281,261,247,967,1342,247
797,261,525,385,375,354,265,236,1129,1141,232
774,254,542,326,418,446,231,272,890,1278,269
825,272,562,406,330,432,246,264,1322,794,247
813,239,564,387,357,295,240,249,1238,1065,253
827,262,551,351,418,400,257,246,900,1239,249
851,236,538,347,414,250,247,250,917,1411,239
803,234,548,351,412,364,251,241,938,1295,263
790,226,553,369,412,259,246,249,1022,1329,245
790,344,551,317,319,1038,242,269,738,852,240
816,237,533,411,351,278,229,262,1241,1090,252
812,260,527,366,368,428,251,246,1100,1098,244
831,295,555,272,422,647,259,247,529,1388,255
823,261,531,347,386,538,257,264,971,1084,238
819,313,581,322,394,661,261,230,727,1130,262
819,272,531,344,392,586,242,257,758,1237,262
810,221,531,395,378,305,243,231,1242,1101,243
838,328,523,334,346,924,244,251,818,844,250
824,275,681,363,403,360,270,291,1063,923,247
820,246,538,354,391,403,257,243,934,1278,236
811,283,528,382,327,577,258,243,1158,903,230
801,305,536,388,288,644,250,257,1281,681,269
832,309,544,280,392,705,250,251,628,1258,251
815,327,530,236,420,938,233,259,316,1374,252
788,289,586,325,392,513,219,262,747,1337,242
809,241,529,349,413,272,255,267,1046,1266,253
815,248,523,363,405,250,259,258,1069,1264,246
812,251,535,338,422,390,256,242,828,1331,295
816,267,537,363,389,428,255,238,932,1241,234
839,296,516,347,354,566,248,256,1003,1012,263
811,252,514,375,393,253,246,268,1114,1223,251
811,242,536,380,379,286,253,232,1173,1144,264
787,245,527,377,385,295,256,251,1110,1213,254
819,230,539,382,384,257,226,263,1136,1213,251
819,239,592,357,393,317,263,254,934,1281,251
799,222,545,354,389,313,241,228,1035,1339,235
819,277,631,301,432,506,229,240,675,1341,249
797,252,524,356,384,355,228,250,1018,1283,253
823,257,555,377,364,380,237,230,1077,1155,245
816,327,552,355,323,794,235,252,955,854,237
809,251,530,387,345,317,240,266,1363,931,261
804,243,542,368,391,296,241,236,1110,1215,254
798,328,539,269,396,716,267,244,543,1345,255
808,280,533,314,417,544,245,249,648,1361,301
821,250,528,339,398,408,271,241,957,1244,243
794,231,530,409,363,275,239,259,1232,1116,252
849,286,508,332,402,566,245,258,782,980,492
820,272,533,352,398,510,236,249,936,1150,244
807,258,531,338,412,358,250,264,923,1295,264
809,254,518,329,419,345,240,248,823,1362,353
831,259,538,363,390,475,235,258,1014,1108,229
822,239,539,365,378,293,245,252,1210,1101,256
805,235,515,338,433,267,256,260,857,1378,356
801,303,541,304,391,690,238,240,640,1301,251
813,262,579,314,416,527,254,238,708,1312,277
838,305,541,307,381,629,217,235,708,1272,267
801,284,528,380,347,505,228,261,1249,866,251
806,232,512,371,391,276,246,244,1095,1286,241
831,234,517,369,401,300,261,266,1120,1124,277
830,249,530,348,443,260,240,261,902,1355,282
813,266,523,372,366,450,245,246,1080,1073,266
815,282,526,349,366,507,280,255,994,1078,248
807,270,549,364,378,444,241,235,1027,1125,260
844,239,535,419,338,303,252,253,1272,976,269
800,229,539,376,396,263,255,246,1022,1339,235
822,255,551,329,407,393,259,257,783,1338,306
825,260,532,338,375,428,227,248,909,1281,277
816,295,507,316,407,562,244,267,704,1321,261
810,269,523,360,375,496,243,241,979,1128,276
833,217,541,354,402,258,250,246,1100,1260,239
818,245,543,338,428,294,243,323,818,1390,260
817,390,524,258,378,1065,266,232,326,1211,233
819,284,510,308,422,424,235,264,814,1351,269
810,270,548,385,369,460,247,250,1065,1020,276
789,278,527,344,377,442,237,275,909,1283,239
820,302,603,294,412,694,243,231,461,1375,265
811,319,559,303,367,696,234,247,697,1194,273
801,267,728,384,385,307,245,244,1068,1023,248
796,290,545,313,441,517,248,229,600,1403,318
799,280,536,422,295,645,215,243,1392,623,250
809,254,521,353,395,376,243,247,1057,1203,242
803,326,519,293,378,866,239,271,476,1248,281
801,241,551,327,411,353,239,275,905,1345,252
806,370,542,253,388,1064,244,263,365,1166,239
811,262,532,399,316,557,217,266,1278,808,254
835,243,519,365,392,282,237,252,1159,1096,320
837,247,550,353,380,239,257,255,1081,1250,251
817,351,550,339,324,960,238,260,827,784,250
819,229,535,382,385,266,267,231,1161,1186,239
819,237,527,388,385,262,274,230,1234,1107,237
815,290,537,318,378,616,238,251,801,1198,258
795,243,688,347,439,328,241,263,638,1324,394
809,317,508,275,419,824,246,242,415,1334,311
831,309,514,328,386,579,237,270,784,1237,225
820,323,530,355,309,835,249,233,1040,739,267
836,321,542,300,402,713,245,215,590,1262,274
827,318,558,291,395,700,235,229,603,1266,278
802,236,573,327,415,362,247,234,887,1361,256
823,288,545,347,369,610,265,246,959,981,267
812,371,523,243,382,1133,250,243,273,1207,263
811,302,520,301,401,597,253,260,737,1270,248
826,274,517,356,372,338,241,257,1022,1264,233
802,249,533,350,374,350,247,270,975,1302,248
832,261,540,318,407,446,259,229,773,1371,264
801,265,513,323,425,455,238,232,877,1317,254
816,236,539,397,368,320,240,242,1251,1021,270
834,287,523,336,358,637,257,239,998,989,242
798,320,535,311,377,717,249,269,762,1115,247
818,230,526,408,358,298,241,242,1300,1010,269
824,229,542,357,396,300,277,235,1036,1279,225
813,304,545,305,384,810,246,233,723,1077,260
820,309,520,370,318,740,241,252,1093,790,247
805,283,541,327,386,514,235,236,820,1284,269
787,232,530,395,374,255,251,238,1210,1183,245
823,286,533,305,414,599,224,234,665,1371,246
799,332,521,273,416,917,262,218,380,1355,227
809,319,545,305,370,807,256,227,692,1122,248
807,329,704,282,420,632,249,260,429,1285,303
810,331,542,285,409,742,252,250,520,1300,259
812,292,516,330,397,562,225,260,801,1251,254
823,329,546,279,390,814,271,241,512,1245,250
824,244,830,351,384,372,262,251,905,1025,252
817,350,534,255,397,1039,237,258,381,1178,254
815,328,546,295,364,929,252,248,606,1065,252
815,278,527,375,360,438,248,247,1163,980,269
792,313,549,335,358,696,241,268,909,989,250
824,252,546,357,417,263,238,261,911,1361,270
809,365,529,326,327,950,242,273,895,734,250
845,226,535,405,365,233,250,266,1157,1176,242
805,312,553,320,365,750,211,243,763,1124,254
792,314,549,272,400,744,262,252,500,1365,250
815,271,550,353,379,452,260,228,962,1157,273
819,268,566,379,356,501,229,255,1122,969,236
789,279,525,380,343,591,248,250,1105,909,281
776,259,530,342,388,394,261,242,999,1216,293
804,340,549,369,293,940,260,242,1050,576,277
823,244,559,367,392,284,264,238,1158,1142,229
799,268,526,395,353,320,237,259,1231,1065,247
801,301,512,358,363,416,248,344,1075,1040,242
787,234,587,337,403,376,219,249,917,1354,237
779,291,545,338,375,600,261,247,821,1190,253
806,227,560,349,434,254,242,238,935,1376,279
833,281,546,287,406,585,237,246,698,1310,271
804,240,530,337,403,245,250,254,1073,1327,237
825,256,541,343,389,392,240,265,994,1196,259
804,267,553,383,357,555,237,256,1121,934,233
826,283,465,290,478,613,264,243,364,1260,614
824,277,534,314,394,537,262,246,791,1286,235
801,277,509,354,393,475,251,228,991,1172,249
810,340,536,266,414,948,227,281,396,1252,230
814,265,534,348,413,373,266,215,860,1365,247
840,217,534,387,398,244,264,223,1103,1246,244
844,267,532,390,330,490,251,233,1270,856,237
792,242,534,338,411,325,255,243,904,1403,253
813,238,530,382,381,273,253,248,1173,1148,261
809,312,535,295,389,714,269,270,544,1304,259
