"V1","V2","V3","V4","V5","V6","V7","V8","V9","V10","V11","V12","V13","V14","V15","V16","V17","V18","V19","V20","V21","V22"
633,229,348,112,330,112,341,128,342,118,392,124,364,113,367,108,380,131,396,130,366,136
637,241,343,125,336,114,343,142,330,121,342,125,360,146,402,117,361,121,365,117,388,124
649,190,360,103,380,109,354,119,357,117,363,132,374,116,390,113,418,117,377,102,337,123
627,222,340,131,349,118,340,110,360,111,388,114,383,112,349,140,386,128,375,120,385,112
660,218,356,117,333,118,334,113,338,104,344,147,405,122,376,129,353,125,376,130,395,107
630,206,341,132,352,108,344,119,364,107,363,127,361,122,375,129,378,120,373,121,401,127
644,201,343,124,361,103,356,120,340,117,382,118,328,135,371,144,374,121,394,105,378,141
662,199,343,110,332,124,357,121,351,108,387,132,363,115,383,110,396,113,358,128,378,130
668,216,328,121,349,108,348,111,345,114,393,133,355,112,364,130,414,115,365,124,351,136
639,228,320,118,357,122,346,127,349,117,371,133,384,121,371,123,355,129,371,132,374,113
638,214,344,127,350,112,375,115,357,110,390,118,359,111,382,118,393,104,368,109,384,122
658,209,344,116,361,107,366,101,336,119,342,135,391,120,363,148,360,119,382,113,384,126
642,235,340,116,346,127,347,125,340,128,348,117,362,119,371,138,361,124,390,134,354,136
652,214,332,111,350,123,319,131,362,108,389,127,387,122,371,119,328,145,387,130,364,129
646,215,368,120,361,125,335,129,350,115,412,109,356,126,368,120,371,120,362,124,343,125
650,209,355,115,343,128,334,114,360,112,359,121,404,141,367,112,364,132,375,131,370,104
645,195,357,99,347,122,347,113,358,103,409,119,399,113,350,133,403,124,356,108,394,106
662,195,363,89,353,116,364,105,357,119,399,124,401,117,395,92,353,122,356,108,377,133
661,219,341,125,362,119,347,120,343,122,378,123,333,116,376,126,395,123,357,125,362,127
644,217,320,126,346,115,338,127,362,111,377,132,339,131,352,124,356,133,381,128,397,144
652,230,348,113,329,119,354,113,342,130,358,129,370,123,379,136,370,119,384,135,353,114
660,202,345,118,374,109,335,110,368,110,388,143,363,117,356,116,384,129,354,107,384,128
669,226,369,118,346,106,349,118,342,133,354,124,362,130,396,121,324,112,369,137,352,143
669,210,356,97,342,116,359,129,342,121,383,129,367,125,368,121,363,135,347,122,376,123
655,210,346,127,352,132,341,126,356,103,350,131,363,131,375,135,351,119,368,129,372,128
663,207,341,115,367,111,347,117,359,106,379,134,333,121,369,103,409,127,373,122,366,131
645,240,360,108,336,121,305,144,357,129,364,113,373,102,398,118,390,122,385,130,349,111
656,216,341,121,336,110,351,127,347,115,354,132,367,124,379,145,358,125,375,126,368,127
648,231,301,138,337,114,347,140,330,129,339,115,366,145,352,139,387,131,367,148,381,115
640,211,341,104,339,109,358,125,356,113,397,129,366,130,386,115,355,118,386,108,393,121
634,238,360,107,345,124,337,126,339,117,362,122,399,133,353,107,359,104,363,123,419,129
659,215,370,102,337,137,360,102,351,113,353,123,364,122,383,131,351,124,376,115,389,123
626,208,341,112,354,121,345,121,331,115,405,114,389,122,389,124,381,131,369,123,359,120
667,208,347,113,329,116,344,102,325,111,378,130,392,129,382,112,381,124,363,134,388,125
690,183,370,91,355,116,371,110,366,117,380,125,356,139,339,113,391,112,350,137,362,127
649,230,342,124,360,113,371,117,345,137,379,118,332,142,350,128,367,105,353,139,373,126
674,214,325,116,344,132,366,113,348,113,359,114,402,102,361,115,393,131,353,124,396,105
642,233,342,107,371,106,346,108,363,120,400,127,359,132,351,155,348,132,369,117,339,133
638,230,339,138,371,103,341,122,312,136,387,113,357,139,377,136,386,121,389,88,350,127
611,234,344,106,352,128,340,131,353,121,334,118,365,119,413,123,358,122,366,139,398,125
659,227,336,123,336,117,348,123,337,134,343,127,377,133,351,132,391,121,347,122,368,148
653,215,348,112,351,115,370,110,336,108,357,134,396,117,386,127,374,105,397,120,347,122
677,185,363,91,358,107,361,102,355,116,368,118,396,121,390,106,351,120,387,106,385,137
641,215,318,126,374,114,324,128,348,117,374,144,380,132,380,116,349,133,364,125,386,112
657,217,359,103,363,98,348,114,369,104,368,111,388,126,340,123,363,121,398,114,394,122
639,244,339,129,332,135,337,128,346,115,348,143,362,103,373,131,367,135,386,122,363,123
638,207,358,104,360,113,361,122,357,123,355,121,362,123,392,132,374,143,365,127,354,109
657,221,351,127,330,112,331,116,350,105,340,115,413,130,374,121,368,132,377,121,389,120
651,183,338,110,361,113,350,120,363,117,385,116,366,115,374,114,366,130,395,125,385,123
611,235,336,127,346,104,352,111,318,137,340,130,356,135,379,141,380,125,401,119,386,131
647,224,343,115,353,115,362,124,334,128,366,103,365,125,358,108,394,126,383,133,365,129
649,208,344,127,339,108,358,117,343,112,392,124,361,131,364,119,388,134,388,128,362,104
662,204,367,110,349,113,363,103,367,108,349,133,414,114,368,114,386,127,375,108,367,99
644,225,335,108,353,123,367,98,345,125,348,129,391,94,400,129,381,128,382,125,367,103
666,220,315,128,327,126,338,126,353,118,388,114,388,113,388,117,371,119,365,128,380,112
677,210,364,115,345,109,359,109,347,101,374,123,386,125,376,121,346,109,353,124,402,125
639,230,350,128,329,115,350,126,351,123,356,140,363,104,399,112,384,107,362,125,382,125
634,207,365,97,356,129,339,116,361,101,369,138,369,143,379,126,347,135,359,140,367,123
680,234,358,121,338,115,315,132,348,120,365,125,380,105,376,102,403,113,361,117,350,142
633,220,357,129,353,120,343,125,368,112,365,126,385,125,391,111,378,111,354,125,350,119
668,202,338,111,355,97,362,107,334,120,376,117,403,118,367,132,381,129,376,131,362,114
660,213,344,114,349,104,338,120,342,127,376,104,368,122,364,147,378,127,387,113,359,144
647,217,376,115,366,105,359,119,335,139,406,110,388,122,370,111,359,99,365,121,345,126
627,230,342,125,343,128,351,124,331,137,357,134,389,134,379,121,345,143,351,111,381,117
650,223,350,117,350,100,344,117,318,123,351,125,359,123,394,126,370,108,426,123,376,127
684,202,338,96,350,100,372,99,342,121,353,125,357,132,404,121,394,123,379,128,368,112
627,229,363,121,337,119,347,136,325,120,347,151,384,129,348,120,389,127,369,120,367,125
637,225,348,127,341,127,334,126,343,114,375,119,374,121,355,131,366,134,370,114,397,122
655,231,324,120,351,131,334,122,373,119,340,116,334,133,376,125,378,135,373,124,368,138
648,197,367,104,362,108,341,113,362,112,394,121,369,106,362,132,361,121,411,117,354,138
628,210,336,103,350,116,343,110,351,125,391,129,376,129,377,128,384,124,383,120,345,142
650,229,344,119,344,141,330,128,349,115,350,146,371,117,363,128,343,127,369,119,395,123
640,211,336,129,344,110,333,103,367,109,358,132,384,145,363,127,393,118,372,124,368,134
617,240,337,116,322,137,333,124,334,121,387,127,401,134,363,114,366,132,381,130,351,133
657,207,354,114,362,109,344,107,362,106,357,118,394,118,409,112,379,126,359,120,362,124
640,218,348,119,352,120,348,110,347,116,368,133,393,128,371,106,410,116,328,132,369,128
639,208,346,118,341,117,355,108,365,112,428,125,377,126,363,114,358,147,332,137,369,115
627,219,371,114,331,119,368,112,347,114,374,121,365,141,373,128,348,112,409,133,361,113
638,223,341,114,347,119,337,142,342,139,364,121,374,115,363,127,380,125,360,126,340,163
665,200,361,103,372,113,328,110,371,110,370,118,351,127,369,112,366,120,383,126,390,135
653,217,338,122,364,111,345,119,333,117,366,115,374,122,396,121,386,138,355,127,371,110
648,219,343,122,349,118,334,124,342,127,357,107,365,117,389,110,403,138,374,131,366,117
649,222,349,120,371,112,358,113,346,123,370,120,377,120,380,119,362,130,367,120,369,103
644,213,348,115,360,109,364,101,365,111,365,143,365,128,357,143,386,122,373,143,332,113
644,228,359,121,337,118,334,121,352,127,366,127,349,117,373,126,374,125,366,129,369,138
662,218,345,120,350,109,359,133,342,106,376,136,340,105,349,128,390,122,399,108,391,112
649,198,343,113,358,107,347,108,372,117,361,137,367,130,369,115,367,117,369,115,405,136
671,211,352,108,338,119,350,120,335,130,385,129,374,116,358,118,376,140,347,118,381,124
617,217,329,133,329,140,349,109,349,118,375,134,362,132,408,115,361,135,342,145,388,113
661,199,351,108,351,104,340,111,344,110,389,130,386,123,394,106,397,121,361,119,384,111
648,195,348,115,348,111,346,110,351,122,374,128,365,99,398,112,381,130,385,122,383,129
638,234,333,120,358,113,328,108,342,115,383,126,373,135,380,124,392,117,364,138,343,136
643,226,333,136,344,112,349,111,351,114,393,113,384,135,346,125,360,134,372,100,378,141
674,215,380,105,346,100,348,113,356,104,367,121,349,137,340,115,367,115,398,135,379,136
655,199,364,106,371,117,332,123,346,108,352,115,371,126,391,126,359,115,388,120,382,134
638,232,335,120,358,127,329,115,345,104,392,130,359,144,367,113,361,149,385,108,374,115
636,216,361,101,335,121,356,101,365,122,393,108,378,116,364,133,342,129,362,158,369,134
664,206,369,97,370,116,338,106,361,118,375,116,382,103,362,119,382,120,359,137,374,126
662,201,359,111,343,121,341,101,374,101,356,119,370,121,414,120,372,127,390,113,350,134
655,199,342,94,360,121,335,122,356,110,373,111,390,103,374,123,384,133,391,115,376,133
636,224,340,129,340,102,339,118,359,139,376,117,388,131,399,107,388,114,360,120,342,132
632,226,355,131,348,129,351,139,322,123,373,100,361,122,359,120,355,144,388,127,365,130
664,205,351,109,350,110,362,108,374,112,368,126,382,121,378,102,378,129,363,123,373,112
636,224,336,119,348,121,345,124,349,132,382,124,380,131,347,148,369,127,341,125,368,124
665,220,344,121,355,112,358,120,326,120,356,120,349,115,398,106,390,125,373,100,386,141
646,230,341,133,329,120,350,118,349,116,355,114,360,141,373,153,352,116,350,145,377,132
652,212,359,108,354,109,358,115,329,112,339,135,373,122,364,134,381,136,397,126,369,116
645,223,358,115,353,115,333,129,339,104,387,135,365,125,367,118,369,137,360,144,346,133
655,206,351,108,356,107,348,119,359,101,356,135,399,119,387,116,352,123,379,122,378,124
652,232,348,124,331,121,348,130,359,116,344,120,393,131,377,116,352,122,366,114,378,126
654,230,339,119,345,126,323,136,341,114,370,119,365,116,380,140,379,133,369,109,375,118
626,248,333,133,340,134,346,139,334,117,358,137,379,128,375,118,375,119,354,136,345,126
661,207,337,101,356,118,333,114,348,119,357,114,392,123,403,122,380,133,379,119,340,144
673,193,352,97,367,109,360,113,358,101,361,113,391,116,382,95,411,126,378,121,366,117
651,220,334,126,339,120,337,110,356,118,380,144,382,122,368,116,370,122,361,128,378,118
651,190,339,120,364,107,369,121,355,112,369,125,364,130,379,112,385,109,374,115,382,128
651,215,352,114,335,132,353,116,343,120,389,141,363,125,376,135,324,141,370,126,353,126
642,193,360,93,353,113,368,102,350,111,396,132,378,122,386,139,346,131,382,120,362,121
649,203,325,119,367,116,337,106,340,124,375,111,358,131,360,130,381,131,422,117,381,117
642,221,333,108,352,147,354,108,337,117,352,134,359,112,368,129,373,128,373,139,396,118
668,202,343,118,354,106,351,116,346,114,374,124,376,128,357,131,370,104,378,120,373,147
651,225,348,111,339,121,333,119,355,108,373,120,341,130,392,130,372,112,357,129,403,131
652,231,342,114,311,144,329,134,336,131,393,116,395,145,361,123,334,120,349,145,368,127
656,215,317,133,344,112,367,109,370,109,364,146,368,151,366,121,380,123,336,137,358,118
638,210,359,112,343,116,338,114,314,120,388,136,393,110,378,133,356,129,357,124,391,141
646,207,346,114,377,114,353,115,355,125,386,124,370,110,361,126,378,114,375,111,361,132
636,231,365,125,346,112,350,112,346,106,377,119,371,123,385,128,388,115,392,106,360,107
682,195,351,105,360,111,362,99,366,113,369,124,361,132,380,138,391,128,360,102,355,116
681,203,330,116,358,106,333,124,356,106,383,139,403,114,377,101,383,131,384,104,352,116
651,216,352,116,344,119,380,115,335,116,377,116,363,115,401,110,344,115,372,120,385,138
639,214,332,117,346,118,328,124,358,116,392,132,388,108,369,125,403,109,374,116,388,104
635,220,385,106,357,93,346,137,347,125,356,148,361,129,372,113,355,118,368,135,355,139
621,258,321,143,331,146,317,130,338,139,379,134,353,135,360,132,355,122,365,136,350,135
675,203,346,117,331,114,346,105,369,111,360,121,370,119,374,130,402,119,381,117,376,114
634,238,339,121,339,121,323,121,338,122,390,118,404,124,347,131,340,145,360,133,393,119
635,225,358,124,374,109,328,110,347,115,370,128,355,142,354,140,352,114,390,134,374,122
646,226,350,121,357,103,342,123,345,111,368,130,404,131,361,126,378,118,367,102,363,128
635,223,334,121,377,121,331,125,367,107,383,123,362,141,381,145,356,123,363,112,344,126
653,203,334,117,356,122,360,117,353,107,366,117,351,95,414,127,370,128,383,123,379,125
660,210,350,118,353,116,360,126,352,112,367,132,359,118,355,113,362,121,382,133,374,127
643,227,339,113,353,120,324,135,364,114,387,122,391,148,342,129,361,128,370,113,340,137
617,242,335,153,345,107,334,140,353,112,371,136,346,141,341,126,386,142,392,128,336,117
630,214,343,113,330,127,342,115,376,114,380,117,376,127,388,108,395,128,388,120,360,109
631,233,319,122,382,110,350,125,351,130,379,125,390,128,347,117,368,129,351,121,357,135
631,218,350,120,382,108,350,113,342,129,375,122,377,130,392,119,369,117,384,113,324,135
666,191,362,114,356,113,371,93,330,122,373,130,381,107,367,126,386,111,383,113,407,98
661,203,351,100,365,100,368,115,332,121,366,117,383,114,397,112,369,111,365,109,396,145
646,210,342,118,349,122,344,112,348,113,368,119,347,133,369,135,429,130,389,114,355,108
631,238,324,128,349,122,337,126,347,137,373,115,368,147,352,136,380,122,344,137,364,123
619,228,354,123,323,118,345,134,327,138,408,139,377,107,375,121,380,128,361,127,343,125
639,226,354,119,334,108,349,113,335,140,385,106,353,119,380,108,392,108,363,130,412,127
653,223,369,111,346,120,351,122,333,132,365,113,368,138,355,138,356,122,347,132,377,129
625,225,375,115,330,121,328,123,347,131,377,129,354,147,384,121,371,121,361,119,368,128
650,195,350,113,367,113,361,105,347,96,400,144,357,126,380,132,348,116,390,108,376,126
639,203,334,117,346,109,362,112,341,113,386,119,400,122,355,139,378,132,361,122,381,129
653,217,339,118,358,109,371,112,351,121,396,126,342,119,362,121,380,125,356,127,391,106
662,205,360,111,349,122,351,120,329,118,370,118,381,117,378,104,395,121,361,155,368,105
638,229,355,115,331,116,335,124,347,137,403,116,374,132,335,115,367,112,392,121,386,120
648,209,331,102,365,89,349,123,348,126,353,134,385,127,369,134,374,139,372,124,360,139
644,205,367,106,345,99,334,109,356,106,390,113,339,131,400,103,376,108,396,147,403,123
636,214,332,123,351,123,365,111,333,120,360,129,382,96,358,119,405,123,381,132,397,110
656,219,346,121,342,132,344,116,358,109,374,125,367,101,402,103,376,126,390,124,345,124
644,212,355,123,349,130,345,134,359,116,374,128,360,120,385,113,348,126,362,121,368,128
664,218,328,114,342,106,344,141,356,104,352,120,382,133,353,127,381,131,385,132,372,115
652,217,360,108,342,114,360,114,332,122,355,118,350,139,348,132,411,129,375,120,370,132
649,203,339,113,330,129,370,116,343,112,376,137,374,132,398,127,344,128,375,123,376,106
674,198,356,98,358,104,361,112,351,97,395,118,361,109,371,110,382,117,393,134,376,125
649,214,343,102,346,111,357,121,348,105,387,114,379,118,403,125,370,125,383,130,360,110
601,237,351,131,335,147,341,125,318,128,362,129,373,139,379,104,384,134,364,123,370,125
633,231,326,124,334,113,344,112,334,118,398,132,395,120,368,130,397,127,380,99,354,131
644,227,355,120,315,128,330,133,342,129,365,119,403,131,357,123,357,139,357,116,373,137
647,217,345,118,351,125,349,128,342,119,355,128,379,115,383,114,371,116,378,121,385,114
648,208,368,109,344,104,341,128,371,107,375,113,400,114,382,100,354,122,368,108,384,152
643,210,316,131,353,124,348,109,341,115,349,121,375,123,374,133,365,128,397,95,430,120
653,227,333,132,352,127,342,113,357,114,348,127,393,132,386,121,370,104,359,132,367,111
667,201,355,115,360,106,335,105,368,103,365,127,365,124,390,121,366,118,386,120,372,131
635,264,336,131,345,145,326,130,335,125,384,121,372,117,349,128,343,131,370,133,369,111
647,232,344,115,329,117,345,117,346,118,356,122,381,120,340,138,375,126,401,120,380,131
657,215,351,119,342,112,345,111,356,113,356,110,384,143,383,128,368,127,377,123,353,127
682,213,356,112,343,115,356,99,339,119,388,131,347,131,362,120,389,119,331,130,402,116
654,220,344,116,336,122,334,121,369,121,356,135,388,130,346,133,381,145,341,123,361,124
653,235,342,121,357,108,335,106,355,117,368,112,372,128,376,131,358,131,384,122,373,116
631,234,365,109,361,129,349,129,320,131,389,116,372,124,389,132,361,120,352,132,330,125
672,214,331,123,347,106,371,111,355,95,387,118,369,128,400,99,375,126,367,119,377,110
639,209,330,126,343,110,349,112,355,118,380,134,366,117,367,143,386,113,384,116,372,131
654,210,350,122,358,102,358,114,351,112,398,110,361,115,375,128,391,117,395,120,340,119
634,209,345,121,340,121,348,121,347,120,363,147,370,119,377,104,381,132,375,133,369,124
643,219,339,110,363,108,342,125,353,109,396,120,352,122,358,137,390,151,370,120,356,117
653,233,331,120,321,123,324,123,352,106,372,130,387,152,370,122,363,123,387,118,367,123
656,199,357,108,363,95,362,105,369,109,350,109,377,115,391,114,399,122,371,112,390,127
654,198,364,107,359,112,352,103,354,124,360,146,381,118,347,139,364,135,345,120,400,118
667,212,344,99,376,105,356,99,358,115,356,136,368,137,351,139,361,119,371,120,387,124
682,220,337,106,362,109,334,129,339,126,381,110,345,135,376,113,379,123,359,120,367,148
612,231,372,100,336,116,336,134,358,115,393,121,398,124,359,110,363,124,387,121,378,112
645,231,348,117,352,124,345,127,351,130,375,135,375,115,358,110,347,133,367,124,357,134
663,205,344,124,371,114,344,118,358,127,346,116,372,120,354,132,351,131,375,122,380,133
662,210,350,115,379,108,333,131,335,117,368,117,373,126,371,132,384,109,360,119,374,127
625,219,328,135,360,119,336,116,344,126,365,136,392,117,356,143,351,114,394,123,364,137
616,224,363,120,331,123,355,129,316,124,355,124,352,120,395,139,372,129,357,134,404,118
659,210,347,107,358,113,335,122,326,122,384,119,380,117,404,137,395,111,361,112,349,132
655,215,336,128,348,120,356,123,360,111,368,129,357,126,340,123,381,129,382,103,366,144
662,203,375,108,365,111,338,120,358,118,365,116,375,138,385,95,387,124,348,119,373,117
647,224,360,120,347,119,356,104,358,116,334,119,365,132,372,130,388,116,380,123,385,105
644,221,340,130,349,114,377,114,338,117,352,118,392,118,367,124,384,115,374,114,368,130
627,234,339,123,329,133,357,133,320,145,412,91,399,127,378,119,345,130,339,147,356,117
647,216,346,123,334,119,375,126,353,123,370,120,382,120,404,116,339,147,348,123,343,126
633,213,359,116,364,108,339,118,372,97,384,122,382,129,380,120,356,102,360,126,393,127
636,228,326,112,342,115,342,116,335,117,364,118,377,128,388,150,382,114,342,139,382,147
664,213,353,113,345,121,377,93,351,124,386,121,358,114,360,125,369,113,360,148,376,116
632,225,344,111,332,119,351,111,330,120,419,137,382,122,358,121,383,127,336,130,381,129
630,223,339,119,332,126,364,102,362,112,387,129,374,121,381,128,343,125,372,128,369,134
666,195,349,110,358,105,352,99,351,113,364,115,389,138,402,137,358,137,378,117,349,118
655,203,358,101,370,106,351,98,345,120,386,122,370,113,349,130,372,124,385,123,399,120
667,221,347,125,349,132,340,119,351,126,373,126,355,127,365,126,365,116,372,142,355,101
643,206,350,113,356,124,340,100,343,116,391,116,398,126,362,138,399,129,358,128,344,120
668,212,307,118,361,119,348,108,353,116,362,123,391,126,377,132,375,115,348,132,405,104
643,215,335,119,327,137,379,114,346,115,350,136,343,131,394,121,375,138,339,156,368,119
679,206,339,115,331,108,376,100,350,104,366,142,398,121,359,125,364,127,399,120,368,103
642,219,375,122,338,128,360,108,348,121,344,129,362,124,343,134,410,122,376,117,343,135
636,221,338,132,352,116,328,123,347,130,353,132,350,132,383,116,403,110,361,143,372,122
641,229,356,144,352,111,351,119,333,121,388,125,338,139,349,121,390,114,381,116,368,114
646,206,331,115,349,102,358,122,346,128,340,126,396,123,372,123,377,107,402,132,371,128
653,216,364,115,346,116,333,106,349,98,342,137,396,128,398,127,369,127,364,121,372,123
654,215,343,111,362,114,361,121,356,110,351,126,374,123,372,126,364,116,359,126,398,118
657,219,360,110,337,128,374,118,359,106,354,136,375,129,389,96,355,128,380,114,347,129
608,242,326,133,339,123,340,115,330,117,365,151,349,110,384,137,370,137,389,137,360,138
634,221,307,114,358,117,350,109,343,121,398,114,358,123,391,138,357,130,376,122,386,133
644,233,356,115,326,119,363,122,343,109,349,132,360,131,355,98,388,125,373,134,382,143
603,229,350,137,352,119,345,113,351,126,347,133,360,150,365,128,366,121,361,130,382,132
664,219,329,108,366,112,348,123,366,109,354,135,374,125,358,121,344,138,376,140,358,133
686,193,367,91,377,109,369,107,380,93,347,108,383,136,390,131,395,100,366,103,359,110
670,191,345,106,366,102,354,107,363,114,364,123,387,132,381,106,391,110,381,116,375,116
657,225,377,116,363,101,348,122,355,117,357,108,383,109,400,130,386,101,382,114,324,125
676,229,348,100,350,112,360,125,333,115,393,96,370,118,364,137,376,127,347,153,345,126
641,216,362,137,382,103,346,102,343,126,361,111,357,128,371,136,390,116,372,114,376,110
645,226,338,122,340,127,364,103,330,132,364,128,374,130,383,119,373,132,371,127,349,123
610,223,332,112,361,104,347,120,357,114,382,103,386,131,340,142,392,123,370,139,382,130
666,197,360,96,354,114,338,114,356,113,404,139,358,113,360,99,397,123,378,134,357,130
612,235,335,132,354,123,355,118,344,129,357,130,372,147,361,132,342,139,345,134,374,130
637,229,352,126,356,116,364,101,338,124,369,123,368,117,360,123,403,115,360,116,377,126
656,229,338,112,365,117,335,103,343,114,407,134,380,108,359,125,351,130,381,125,366,122
659,207,377,96,345,124,331,127,345,115,372,112,370,102,393,127,389,125,364,142,339,139
625,231,347,124,347,113,339,132,327,127,365,119,368,136,349,119,385,103,379,134,389,142
646,213,350,122,358,116,374,88,329,107,376,139,367,103,374,115,385,116,413,108,382,119
653,208,338,124,349,113,363,118,359,104,365,123,352,134,364,128,347,132,374,134,403,115
650,222,352,128,332,127,346,124,346,112,356,113,378,126,355,128,380,129,354,130,374,138
664,210,349,116,372,101,344,115,356,102,380,116,399,129,369,104,372,133,367,113,380,109
641,214,343,123,344,119,346,116,342,127,390,139,397,112,385,127,367,108,345,139,362,114
643,220,331,138,341,141,369,126,368,99,307,133,356,119,380,119,367,128,382,113,407,113
673,206,355,119,347,104,330,111,368,97,368,131,356,142,369,110,382,135,384,100,396,117
684,168,366,96,379,97,368,95,350,96,396,119,386,124,362,125,406,120,368,116,365,114
650,204,364,111,336,142,357,116,352,114,383,116,373,114,379,107,347,126,403,135,342,129
647,218,357,134,337,121,342,127,342,123,400,124,377,125,387,117,384,105,355,125,331,122
659,204,352,113,345,110,362,95,345,104,348,141,384,103,363,137,392,118,372,112,407,134
676,192,352,124,354,102,345,113,371,94,370,121,347,132,414,107,379,113,382,102,383,127
633,208,354,108,350,121,334,119,350,120,360,115,372,113,384,119,388,130,378,124,369,151
646,210,360,122,361,112,332,125,371,108,378,131,340,123,400,133,371,132,352,117,364,112
666,228,354,111,338,119,337,130,352,107,376,123,386,115,366,117,381,133,342,136,366,117
656,215,377,110,360,114,351,108,365,118,359,125,337,103,392,119,381,128,400,106,352,124
646,218,365,118,357,95,358,126,338,130,351,130,378,126,355,128,383,138,350,120,358,132
686,227,353,127,340,108,372,113,345,115,366,130,381,125,365,127,361,113,352,118,352,124
620,226,366,102,358,114,341,106,361,115,401,126,374,121,353,126,359,132,371,116,394,118
634,229,341,123,349,123,353,109,365,109,347,118,339,114,394,152,392,114,383,119,388,105
677,218,351,108,352,114,340,109,368,108,360,119,403,124,342,118,368,126,371,122,369,133
664,224,333,124,366,123,324,113,339,132,354,118,377,118,394,125,380,130,349,124,365,124
644,223,356,116,340,131,339,119,355,114,368,140,385,130,366,129,369,118,362,122,362,112
645,223,360,129,358,127,345,124,346,113,369,124,353,130,371,113,382,120,359,125,362,122
656,220,348,107,363,119,351,107,357,107,341,125,375,102,357,124,383,132,390,120,391,125
673,184,346,102,361,102,367,103,363,107,388,115,380,110,350,115,422,125,380,113,357,137
663,212,348,110,371,122,347,116,358,107,393,141,366,104,337,133,361,130,380,117,352,132
630,205,350,113,345,104,361,120,359,110,364,127,406,109,368,120,361,129,388,137,380,114
643,210,355,116,357,101,352,112,368,114,364,134,355,134,403,117,358,122,386,132,366,101
648,215,345,115,351,116,344,104,381,107,345,118,378,119,357,133,408,113,384,129,378,112
653,217,351,115,353,125,348,115,352,116,364,112,386,116,388,106,365,122,382,109,390,115
653,221,355,114,343,117,350,105,337,111,373,120,398,118,379,130,372,124,386,111,364,119
642,225,353,118,359,127,337,132,342,121,357,122,382,117,337,142,357,131,379,117,357,146
646,211,341,132,372,120,317,127,331,124,367,113,397,140,336,134,377,139,364,111,375,126
654,215,345,118,346,111,364,101,357,117,365,133,362,126,375,144,371,142,365,124,347,118
656,217,365,109,340,126,335,113,342,124,361,128,378,130,383,95,370,131,361,122,386,128
639,225,343,113,333,114,349,122,337,124,389,123,365,135,365,126,368,117,353,133,389,138
641,229,322,140,345,104,340,125,354,129,378,115,373,133,338,150,370,125,371,108,366,144
671,195,345,109,353,99,347,124,363,107,396,127,365,143,369,106,375,117,359,127,383,120
660,207,350,111,354,113,363,116,356,110,386,103,341,104,391,131,378,116,373,115,402,120
645,224,337,108,349,102,355,126,365,119,375,117,404,111,373,128,395,108,398,90,354,117
645,203,358,109,339,119,369,117,333,104,365,156,380,112,354,130,389,121,367,116,402,112
644,221,340,118,368,114,350,115,334,126,404,127,357,116,385,129,372,111,383,123,369,94
629,246,347,117,360,109,320,129,365,129,373,132,369,124,395,120,366,111,381,112,329,137
634,211,351,124,359,129,356,106,350,115,362,125,396,122,353,124,343,145,359,121,380,135
645,219,353,116,343,123,342,115,341,132,361,129,391,131,352,121,378,136,340,137,355,140
641,200,361,114,355,117,348,115,346,119,339,128,366,113,364,136,378,145,380,125,388,122
667,195,356,109,346,113,348,105,375,101,385,133,382,127,391,117,342,118,382,133,378,97
645,242,337,128,318,132,322,119,321,120,351,125,368,139,369,123,370,141,392,134,373,131
650,213,351,103,316,126,353,113,350,136,382,128,377,113,339,134,382,146,365,137,360,126
625,223,358,116,340,124,322,118,338,131,389,135,374,129,345,133,397,128,353,126,360,136
638,211,352,138,330,132,344,116,341,104,395,115,372,135,357,131,363,148,375,112,377,114
635,215,336,128,339,121,369,124,332,122,365,125,379,111,390,136,372,118,367,122,382,112
645,249,327,129,344,109,321,126,356,123,358,120,371,132,368,127,343,113,390,124,402,123
663,219,340,97,342,133,323,118,339,122,403,107,359,121,358,123,368,136,400,142,358,129
651,227,325,112,341,111,355,122,322,119,361,137,364,130,395,108,416,113,351,137,382,121
653,219,362,111,366,110,352,124,347,115,351,126,383,134,376,120,376,124,363,118,360,110
679,205,347,107,344,122,345,120,376,103,360,115,344,125,392,108,368,122,375,137,391,115
683,179,348,99,368,93,374,109,359,101,364,114,351,134,410,112,364,145,369,120,381,123
671,201,373,107,356,117,368,108,368,111,361,103,380,133,353,114,385,113,369,125,358,126
630,240,356,120,344,122,367,114,314,144,387,120,361,126,348,138,386,113,354,147,357,112
629,230,357,125,350,128,345,120,353,122,400,110,340,119,379,141,370,131,337,128,354,132
653,214,354,110,335,117,341,132,353,95,377,126,384,123,387,119,375,120,362,128,373,122
644,202,358,104,362,106,340,124,349,109,384,111,368,119,374,138,405,126,367,101,376,133
638,212,355,109,343,126,375,102,369,125,322,133,363,129,381,139,378,133,372,124,343,129
636,218,329,120,345,120,339,126,349,121,362,111,367,123,381,129,365,141,391,111,390,126
643,232,364,99,326,139,347,116,338,115,389,132,352,138,352,119,358,156,359,138,359,129
648,227,353,118,343,119,361,122,349,123,372,130,349,125,398,111,366,114,360,122,374,116
641,232,353,124,350,132,347,114,358,104,360,125,354,136,361,123,381,130,350,130,383,112
656,221,347,121,365,106,358,104,343,117,355,140,365,122,400,112,370,112,378,117,377,114
640,210,358,108,337,119,350,119,352,121,388,137,375,128,383,112,377,127,341,110,375,133
668,200,356,103,353,100,388,99,362,103,375,101,389,124,363,106,409,105,374,100,409,113
668,219,360,132,352,113,328,118,347,124,381,131,350,142,367,136,335,114,370,123,369,121
662,202,352,109,356,120,376,110,368,107,367,126,356,113,406,117,356,111,376,116,350,144
678,206,353,104,327,105,364,113,351,109,389,104,372,105,393,124,373,128,409,115,368,110
679,217,361,104,365,102,334,113,372,105,383,102,340,126,378,130,397,118,376,111,379,108
663,202,342,106,347,121,348,113,358,110,370,135,374,123,385,113,377,120,380,118,358,137
633,223,359,123,341,118,366,94,353,124,371,119,384,107,358,155,367,126,369,124,379,107
620,215,351,110,342,104,353,129,345,119,379,126,361,140,389,131,361,111,371,135,382,126
631,220,346,124,350,120,329,107,333,131,399,116,386,140,366,140,360,113,349,135,383,122
663,209,352,114,354,103,345,124,358,101,399,128,388,134,326,120,386,146,342,126,367,115
636,210,371,122,352,116,360,135,355,107,354,142,364,115,333,131,394,131,348,132,371,121
664,211,340,127,350,111,352,101,367,105,353,128,390,115,377,133,354,140,382,107,373,120
630,218,379,110,336,127,346,112,340,116,369,134,371,129,369,131,377,131,357,136,372,110
639,210,343,116,349,99,342,115,344,104,373,125,380,122,404,118,382,128,406,112,358,131
634,232,360,124,348,126,327,121,354,120,397,116,371,123,356,128,366,135,344,111,369,138
655,214,358,122,357,98,343,116,322,127,382,116,372,127,360,124,372,109,364,115,403,144
641,219,352,121,341,104,332,124,344,111,405,126,372,118,368,109,385,121,375,105,396,131
633,217,360,116,342,116,359,114,338,114,384,122,389,137,365,122,349,125,366,132,371,129
649,237,315,128,337,117,343,116,329,127,350,135,379,122,355,131,388,123,377,133,378,131
625,242,342,121,338,128,346,116,331,126,370,132,394,124,351,142,382,115,358,130,353,134
624,212,354,124,354,114,350,116,353,111,415,140,385,113,351,123,380,120,353,127,346,135
645,220,345,119,362,118,332,118,326,127,358,121,366,118,362,149,382,114,371,139,365,143
633,221,347,130,328,137,359,115,314,121,400,129,391,117,393,139,357,127,357,120,354,111
623,211,333,116,378,110,365,111,345,113,358,134,357,100,352,132,393,133,388,135,391,122
624,218,347,125,366,114,327,148,332,111,360,114,378,152,371,124,360,141,364,138,373,113
665,226,345,108,337,125,347,121,345,141,366,112,342,140,374,112,376,125,370,130,358,135
662,217,367,105,373,113,363,116,349,118,394,125,377,110,374,114,346,136,343,107,364,127
658,212,365,112,358,102,339,118,356,107,369,111,378,103,357,138,387,135,406,128,339,122
613,231,341,102,354,122,331,126,368,128,362,120,396,135,410,119,366,119,354,138,349,116
625,231,335,128,343,133,352,114,331,117,351,149,382,132,355,118,388,130,407,123,332,124
631,209,340,125,332,122,359,115,354,109,385,141,405,123,347,137,375,123,342,106,396,124
625,210,357,127,363,111,351,106,337,110,390,123,379,106,403,118,356,129,394,115,360,130
651,227,364,125,337,127,344,115,333,120,367,133,365,129,366,136,351,118,400,120,359,113
654,222,320,130,320,116,330,123,366,111,379,118,379,125,364,115,366,124,366,145,407,120
671,198,359,101,359,117,366,106,350,110,395,122,360,141,361,127,347,121,395,127,366,101
635,218,361,116,337,128,315,119,364,120,376,118,377,136,349,129,372,139,386,129,350,126
647,224,345,119,346,117,349,114,342,123,379,127,380,109,350,119,380,123,386,116,377,128
668,225,341,115,319,134,356,125,340,110,358,132,357,125,374,124,365,144,380,128,361,119
616,205,357,119,382,115,333,112,357,109,381,122,348,135,375,113,389,130,390,99,385,128
660,208,342,110,359,106,357,108,377,104,391,112,363,134,371,113,397,115,371,122,362,118
647,199,358,122,346,119,334,114,355,101,373,127,391,104,386,119,373,128,363,134,392,115
641,209,369,104,321,119,345,118,343,122,392,137,387,107,367,125,358,118,395,126,383,114
633,217,357,109,353,118,330,126,353,119,381,128,376,136,397,108,354,120,388,132,359,106
656,217,353,101,355,125,356,120,361,122,375,128,361,135,335,112,364,120,367,148,361,128
655,200,360,110,354,115,344,131,341,116,371,117,346,123,353,134,371,141,372,129,389,128
628,237,330,115,375,112,338,111,344,113,360,115,383,136,375,130,384,118,361,126,385,124
666,219,359,96,383,117,338,117,352,112,389,107,349,123,389,112,336,118,361,111,421,125
621,245,354,110,357,112,327,126,349,129,358,122,372,130,362,128,378,141,352,116,378,133
626,230,330,117,366,108,357,114,348,113,372,135,389,128,356,129,400,110,351,127,390,104
660,207,343,104,356,128,341,118,348,119,382,104,361,122,400,122,353,145,345,125,394,123
624,192,375,100,374,116,331,122,350,121,365,119,375,135,385,119,398,111,372,141,350,125
636,225,347,119,324,119,324,118,347,108,354,129,374,126,386,124,396,129,371,124,377,143
667,221,342,130,316,129,346,125,357,107,372,125,345,141,396,113,354,126,373,136,363,116
621,231,331,118,351,119,349,102,339,126,372,117,367,117,395,144,390,112,356,122,371,150
643,209,339,98,374,118,356,107,371,109,373,116,366,129,401,125,347,122,395,121,359,122
652,221,366,111,350,107,348,119,324,116,417,95,366,120,387,122,383,115,395,129,347,110
661,235,342,106,348,136,346,110,339,121,411,115,398,115,337,123,368,128,367,134,331,129
636,217,362,113,335,139,344,118,354,116,376,111,358,127,380,131,371,128,385,110,367,122
630,223,357,106,349,112,354,121,364,125,366,103,370,119,390,117,336,138,352,133,398,137
671,192,364,105,342,114,349,105,342,105,386,137,353,115,407,109,362,137,388,126,367,124
693,194,371,102,369,99,365,106,376,96,356,128,365,130,359,106,357,135,365,134,375,119
673,203,367,116,353,126,352,114,346,118,378,108,361,116,368,148,367,130,337,112,374,133
663,214,355,113,344,106,362,122,359,109,359,132,338,138,369,122,378,110,379,135,361,132
659,223,359,101,343,122,341,120,330,109,374,120,387,115,390,108,351,117,390,128,403,110
646,199,347,118,362,111,357,127,349,112,402,126,392,118,380,121,367,127,354,121,338,126
654,189,363,124,330,111,356,123,379,112,372,126,335,138,365,123,363,128,411,112,374,112
651,217,347,125,332,117,346,112,333,140,371,136,386,127,356,117,366,126,383,122,392,98
653,225,339,122,362,104,361,122,340,117,376,124,367,114,367,133,366,127,343,126,386,126
659,195,353,105,351,102,348,109,348,111,401,106,377,134,403,130,384,97,365,107,398,117
639,220,349,120,360,108,330,108,342,125,389,122,337,112,400,128,372,123,385,118,387,126
666,213,371,95,329,139,357,102,338,130,390,117,370,125,348,133,355,102,387,127,375,131
680,196,367,95,344,110,353,101,373,119,361,120,378,125,379,125,370,121,395,143,351,94
635,217,361,102,342,111,351,125,328,132,368,121,397,126,364,118,370,123,385,113,391,120
631,217,354,116,342,131,362,101,377,112,346,122,388,113,377,125,361,117,382,107,396,123
652,204,363,98,345,106,354,115,332,129,409,124,364,136,358,123,400,123,348,137,340,140
636,212,362,111,361,115,347,117,347,105,365,114,374,137,404,130,364,111,360,128,391,109
657,216,360,120,328,129,362,102,351,114,362,106,387,106,370,127,364,148,387,134,372,98
642,206,352,112,357,122,367,100,347,117,376,135,375,108,372,111,357,141,390,127,362,124
647,211,360,107,355,116,323,112,348,123,405,102,387,119,366,113,399,121,365,124,378,119
661,204,352,112,379,110,326,122,348,124,370,116,375,120,375,123,378,106,397,116,356,130
671,199,339,115,354,117,352,122,344,127,349,124,348,122,386,141,367,124,366,109,424,100
655,211,344,122,351,113,365,118,374,97,370,122,349,107,379,120,383,114,352,116,422,116
664,207,338,116,358,112,367,101,330,123,368,122,388,137,379,125,362,115,350,140,383,115
644,225,333,126,326,125,348,118,361,118,340,121,388,119,381,118,393,132,362,114,386,122
687,209,350,131,357,108,360,109,361,94,342,125,350,114,359,123,400,148,377,113,364,119
631,213,357,121,354,118,335,131,361,113,365,127,366,115,378,133,361,146,373,116,368,118
639,222,336,131,347,108,365,130,346,128,378,125,345,122,355,131,359,133,380,116,381,123
653,234,339,114,331,118,345,116,347,118,365,128,357,133,359,141,372,126,378,131,369,126
654,206,366,103,349,134,344,117,342,103,373,117,425,125,387,119,348,120,382,125,348,113
703,184,361,94,394,110,361,101,355,103,360,117,384,99,378,124,383,134,385,104,356,110
679,207,345,116,351,105,360,108,376,106,356,118,365,131,385,96,395,122,380,103,362,134
651,223,346,114,378,119,362,108,352,120,360,125,391,115,354,127,373,120,351,109,378,124
653,206,349,108,350,119,360,115,332,124,382,127,392,116,377,123,341,128,378,127,375,118
629,219,316,125,336,134,379,123,354,110,357,135,372,147,335,134,398,102,363,130,388,114
645,217,356,122,345,116,352,123,368,116,352,128,355,118,385,128,331,121,384,116,381,141
670,226,355,113,355,117,332,121,361,94,401,123,375,123,368,121,355,130,352,128,362,118
642,231,369,111,341,117,355,113,355,127,375,141,384,118,341,122,337,134,341,126,378,142
663,195,374,111,358,115,340,114,359,123,367,118,373,122,363,119,376,132,343,124,392,119
635,233,355,120,339,124,330,116,335,134,401,127,383,107,361,127,369,133,345,114,368,144
656,216,363,127,366,118,343,107,321,125,388,124,356,107,370,130,387,123,376,115,358,124
661,213,352,112,347,109,332,106,368,115,357,134,383,143,353,131,373,115,366,129,385,116
644,204,334,111,379,118,351,111,344,107,380,136,374,134,387,103,389,123,375,120,377,99
656,225,351,131,347,119,366,118,352,118,372,117,363,102,383,110,374,118,378,112,358,130
661,211,344,106,362,115,349,111,350,123,356,124,375,122,414,132,348,124,330,125,379,139
673,203,365,101,347,99,354,105,362,102,371,119,357,111,395,103,389,123,386,112,378,145
642,221,352,106,362,113,347,122,348,118,362,120,352,120,381,104,394,121,413,105,365,132
624,228,333,121,355,111,337,118,333,125,365,132,390,140,381,111,385,113,330,134,397,137
647,207,354,125,356,115,376,109,328,113,367,113,364,113,381,121,397,113,369,102,397,133
635,235,355,115,343,122,315,132,341,118,396,121,383,121,373,128,333,126,357,131,390,130
620,232,353,111,348,118,336,115,337,116,373,127,386,125,378,138,344,143,353,124,369,154
661,222,342,108,374,111,352,115,343,113,360,138,397,128,352,122,396,115,352,125,373,101
645,225,323,118,339,119,338,121,356,130,389,118,368,138,358,131,344,120,385,122,377,136
646,229,345,114,330,117,356,126,360,114,362,130,398,121,385,120,354,122,358,125,355,133
637,221,337,106,349,116,322,121,348,139,386,110,368,141,359,147,359,122,396,128,359,129
671,212,338,124,353,110,346,118,373,97,373,118,348,136,378,130,357,132,372,115,392,107
640,237,320,136,364,116,343,119,341,123,358,111,376,114,359,131,364,117,414,115,372,130
634,221,344,124,331,110,325,115,338,128,344,157,377,109,400,114,393,134,368,140,354,140
666,225,341,113,353,121,323,124,325,130,388,124,369,142,378,116,350,128,355,134,366,129
644,214,346,107,374,110,320,113,344,127,380,112,355,129,401,128,370,137,368,120,379,122
660,217,340,128,336,117,348,133,363,115,382,117,327,135,396,115,353,121,375,117,375,130
640,221,353,102,350,123,337,129,338,131,396,109,362,133,414,107,341,133,343,133,386,119
666,206,349,110,338,114,331,109,345,112,363,137,389,124,369,123,358,106,361,121,437,132
668,222,346,115,333,122,340,123,329,117,348,126,342,137,402,125,390,123,366,131,365,130
692,216,358,99,374,105,351,106,367,121,397,104,318,102,371,121,334,135,392,131,375,131
613,239,318,137,350,111,341,102,336,137,397,141,386,133,352,140,329,128,368,135,379,128
659,208,354,114,354,111,370,101,365,103,373,134,363,134,367,117,379,122,366,123,363,120
644,213,340,114,362,119,327,129,355,111,366,120,359,123,380,120,368,137,404,127,361,121
638,229,342,135,328,127,326,114,346,117,386,130,399,122,362,127,373,120,383,115,357,124
665,210,353,110,353,95,362,108,361,113,364,125,342,121,391,126,369,117,405,113,350,147
663,240,337,122,345,110,350,114,333,110,388,150,355,123,352,124,380,137,362,126,364,115
660,216,349,112,351,114,359,104,348,129,397,116,391,123,356,139,363,111,381,125,356,100
626,203,353,115,325,122,348,105,360,105,393,134,377,103,364,125,386,125,399,126,388,118
650,207,359,119,349,114,367,107,329,117,370,118,371,120,377,107,371,126,411,135,371,105
623,216,354,107,324,120,347,119,331,117,380,121,382,124,355,126,373,124,373,137,392,155
653,216,351,128,324,114,352,112,354,113,369,124,372,114,423,135,379,110,375,119,351,112
638,218,324,132,350,122,334,117,325,128,392,129,405,118,371,126,354,122,367,136,377,115
660,195,366,128,352,106,369,101,363,104,361,126,355,130,385,126,374,117,364,118,364,136
662,202,346,124,383,111,324,106,363,104,358,142,369,123,372,120,392,128,352,125,347,147
646,207,344,114,339,122,369,113,341,110,383,109,404,116,371,113,390,120,398,118,382,91
684,201,356,121,373,101,348,105,348,120,343,134,389,142,367,120,370,111,344,131,374,118
644,214,347,102,345,114,370,123,350,110,367,131,379,113,389,99,367,138,382,130,365,121
656,226,343,111,357,91,360,118,332,125,372,126,355,139,364,133,402,117,390,109,360,114
653,211,352,108,355,107,343,111,329,126,358,118,389,122,367,115,357,127,425,126,368,133
634,228,341,110,348,135,337,118,351,115,375,123,382,125,351,142,383,129,368,113,373,119
666,202,349,111,361,101,358,111,351,114,353,107,380,133,387,128,374,105,375,126,406,102
648,219,347,117,362,113,326,128,339,122,377,126,364,136,376,118,370,116,379,109,378,130
642,231,340,123,328,132,331,116,356,120,352,134,346,120,379,141,373,138,359,139,366,134
686,202,352,121,343,106,353,125,343,104,364,123,372,132,376,125,378,126,364,108,375,122
622,219,357,130,325,140,351,118,370,112,337,129,344,137,357,110,390,147,362,148,380,115
652,194,360,102,381,103,328,115,354,101,399,136,371,124,355,147,359,133,385,109,360,132
664,218,353,113,357,111,340,114,340,110,390,108,386,113,406,122,383,98,364,111,368,131
658,229,351,124,353,121,337,134,352,120,380,124,379,109,371,126,337,123,366,113,360,133
636,221,350,117,321,131,352,106,367,123,369,124,385,124,349,123,372,142,358,132,375,123
651,193,363,97,346,126,350,100,345,114,389,113,356,142,386,116,370,118,390,119,407,109
631,213,350,114,334,109,361,113,365,124,362,126,371,120,381,107,386,127,388,113,380,125
631,216,330,123,375,102,339,116,343,118,362,135,339,128,372,118,404,120,378,103,398,150
641,203,352,113,348,111,363,111,355,113,384,125,372,114,439,133,360,113,349,121,361,119
643,216,351,112,350,118,345,111,359,114,363,113,368,136,381,124,398,133,387,119,350,109
634,234,356,119,325,118,338,112,340,108,391,131,369,135,367,120,373,113,354,125,399,139
642,220,332,131,345,119,356,116,339,115,351,136,361,105,395,128,402,122,350,112,402,121
682,212,378,105,347,115,338,129,363,103,372,125,355,121,354,110,377,132,358,127,384,113
634,213,361,110,361,113,353,105,365,100,389,129,378,120,344,141,375,139,371,128,365,106
638,215,342,115,352,114,349,127,342,119,373,122,375,129,354,133,374,116,399,121,375,116
628,221,347,123,370,113,369,98,358,122,382,121,378,121,367,135,376,112,344,132,354,129
640,224,350,105,364,119,357,113,336,123,389,118,354,136,380,120,377,125,355,125,363,127
644,212,353,129,366,118,367,97,350,97,350,117,360,128,364,120,386,112,424,113,389,104
650,209,335,125,368,107,363,115,345,106,404,119,371,127,369,117,366,108,375,126,371,124
644,203,356,121,361,106,356,116,347,114,350,119,379,129,365,124,395,105,389,119,382,120
637,218,338,114,349,121,353,113,357,103,411,106,382,125,372,145,352,117,373,123,373,118
641,234,343,134,329,136,351,112,336,126,352,137,354,140,361,118,361,117,381,120,388,129
665,205,365,111,323,127,359,120,355,95,390,104,397,123,356,104,367,133,342,143,393,123
668,207,359,121,338,138,329,119,336,109,386,136,400,110,348,111,358,127,381,129,361,129
657,204,359,118,350,106,340,121,343,118,377,120,368,148,371,123,393,109,363,127,376,109
652,195,350,118,352,108,344,135,349,107,405,117,371,128,345,130,385,121,406,110,355,117
644,212,338,120,355,120,352,108,343,120,389,116,424,107,338,115,379,105,402,108,393,112
608,238,324,141,360,123,337,135,351,116,355,131,351,136,354,135,364,128,410,119,354,130
659,207,366,101,362,119,318,122,353,106,369,147,355,148,386,119,375,136,371,112,342,127
683,191,357,103,350,111,366,97,356,118,379,119,379,110,379,119,400,126,343,116,380,118
668,217,337,127,355,111,349,121,353,110,370,117,356,120,386,136,362,131,377,123,361,113
670,208,344,104,370,120,354,119,343,126,394,118,402,111,364,123,366,112,348,126,377,101
633,225,341,119,358,123,354,123,342,123,377,132,362,124,374,110,376,137,358,128,368,113
655,216,327,111,362,102,335,111,347,102,374,121,359,122,386,135,362,136,425,120,363,129
639,220,348,131,350,117,342,110,362,116,361,134,377,123,375,122,360,112,374,140,364,123
636,227,350,117,362,115,322,136,368,118,351,104,375,134,394,123,354,142,374,108,380,110
670,212,335,111,357,122,358,120,348,117,375,114,373,138,361,114,371,125,400,113,357,109
642,232,347,112,338,126,347,120,335,126,409,125,381,109,368,117,355,134,347,133,355,142
669,218,352,111,351,101,370,110,346,116,378,127,365,102,370,116,355,129,369,141,371,133
650,219,352,101,340,122,354,114,363,104,414,107,387,101,385,117,364,143,359,126,366,112
645,211,360,105,335,113,341,129,357,112,367,131,400,115,382,121,348,139,389,115,347,138
653,214,338,122,348,127,385,104,372,91,388,129,346,111,382,105,383,121,360,104,396,121
650,221,348,112,355,115,340,106,333,127,409,119,361,116,380,112,369,119,404,126,349,129
612,215,341,127,336,126,341,118,346,123,355,136,357,133,371,137,376,131,367,138,385,129
651,214,375,113,341,126,345,96,352,114,379,121,381,107,371,132,353,130,373,133,385,108
665,183,352,120,363,98,356,110,407,95,377,117,364,132,358,121,345,129,376,122,383,127
647,233,346,108,349,115,349,124,341,107,374,140,363,134,356,120,372,130,372,123,369,128
661,227,334,123,345,131,348,111,354,126,352,115,384,114,360,132,366,119,387,124,386,101
628,221,344,112,352,119,368,109,363,115,330,135,401,112,407,113,354,121,373,118,368,137
638,226,346,124,340,113,353,118,342,130,369,107,365,125,367,131,370,140,378,145,351,122
657,199,357,103,330,112,355,109,362,115,358,125,377,128,362,135,392,122,377,128,380,117
668,212,341,118,350,109,358,105,344,105,398,148,337,104,384,134,400,105,362,128,360,130
678,195,366,101,345,107,365,110,337,111,391,122,388,123,372,109,387,116,355,133,364,125
644,209,358,101,344,115,325,127,345,117,353,132,370,139,390,113,371,155,363,112,378,139
633,205,360,115,334,127,337,123,352,118,393,123,386,118,358,108,399,119,362,131,366,133
654,219,332,117,347,125,362,119,346,113,368,116,411,104,376,133,360,121,346,117,388,126
619,233,354,128,353,119,360,122,351,121,364,111,359,115,392,115,366,113,406,119,351,129
643,220,348,112,330,122,334,138,346,120,381,128,352,116,393,126,354,154,368,130,358,127
647,196,353,111,356,114,346,115,337,115,378,124,360,129,397,115,383,112,353,124,414,121
677,214,353,102,369,121,359,128,326,117,354,111,377,119,365,106,401,116,378,116,361,130
656,203,359,110,358,121,350,125,348,114,357,122,376,117,383,110,364,129,397,119,363,119
629,237,354,114,344,115,340,130,349,127,386,113,413,102,355,131,373,131,366,130,340,121
643,230,347,121,346,124,336,120,360,128,375,138,362,122,374,121,367,124,357,126,346,133
656,223,361,107,347,116,346,116,349,125,362,124,378,136,397,140,343,116,348,136,354,120
643,208,345,113,356,111,355,132,345,117,369,128,372,138,392,129,325,129,403,124,352,114
601,216,343,118,346,115,346,103,347,121,360,116,380,131,386,111,399,130,402,134,384,111
644,204,341,111,339,122,362,118,379,109,364,116,402,121,394,137,361,114,334,122,386,120
667,213,359,106,353,118,339,125,326,110,376,121,368,148,369,116,367,125,359,124,404,107
656,213,314,128,363,129,346,86,349,118,356,138,380,116,368,123,378,121,358,135,398,127
624,223,342,137,335,123,338,123,352,121,364,126,382,126,370,119,358,148,366,125,370,128
630,213,347,123,337,127,337,109,357,112,400,133,365,140,389,117,366,116,344,127,404,107
620,230,357,103,341,120,335,124,356,103,387,127,405,118,373,114,349,140,364,122,372,140
643,232,341,129,343,121,349,112,332,132,364,114,387,152,355,122,394,127,335,128,344,144
657,203,360,103,361,96,353,111,373,113,356,112,373,132,348,106,405,124,382,119,396,117
649,214,354,116,339,121,351,109,358,109,371,138,368,125,365,136,372,118,337,143,372,135
647,196,375,115,348,124,349,119,337,115,390,92,385,127,376,134,390,125,366,120,361,109
654,213,351,97,353,107,339,129,352,106,369,117,412,122,383,107,375,152,367,121,355,119
673,210,339,138,335,105,377,108,343,124,364,137,353,114,352,134,381,125,392,127,364,105
643,224,369,111,343,141,335,124,339,118,394,103,392,112,361,119,371,123,384,124,352,118
629,224,340,102,343,118,343,108,336,118,398,100,358,156,366,120,395,124,373,128,386,135
648,200,354,121,347,128,375,100,350,122,348,138,351,122,380,120,364,145,387,123,372,105
639,211,361,113,355,115,361,112,339,114,371,138,401,114,335,129,410,121,342,113,373,133
637,220,333,112,350,120,366,117,366,122,404,133,363,116,370,104,376,118,368,116,383,106
669,204,356,115,361,100,353,99,325,94,401,122,402,138,352,140,377,125,368,122,375,102
654,229,346,116,359,113,346,125,320,128,367,145,364,122,387,107,374,139,361,128,354,116
658,224,343,123,349,106,337,130,340,120,374,99,354,146,344,135,384,123,373,126,398,114
646,208,336,109,356,114,347,118,341,100,383,135,371,124,377,126,347,118,364,120,412,148
624,215,362,123,333,127,334,117,333,117,355,127,368,138,363,136,382,143,350,121,401,131
657,197,362,117,381,99,364,97,353,109,364,103,420,105,381,101,394,119,372,125,371,109
655,220,351,117,348,112,348,110,328,113,404,124,348,124,396,116,365,137,385,114,356,129
634,224,332,122,351,111,349,123,382,111,377,109,389,126,360,127,350,119,374,129,372,129
655,207,364,107,371,109,350,127,347,105,378,106,354,130,403,94,362,134,375,115,391,116
649,221,354,122,364,105,350,124,348,114,353,113,355,123,374,120,391,133,366,135,360,126
633,238,315,142,341,126,372,114,340,133,358,120,385,136,368,122,363,109,358,128,377,122
633,222,348,124,338,133,352,112,346,114,342,124,394,129,378,137,367,113,384,124,369,117
665,216,352,117,368,103,337,110,351,119,392,115,367,124,387,127,371,121,364,120,348,126
650,211,378,111,348,119,310,123,338,116,359,132,368,121,379,103,389,135,413,117,359,121
623,221,354,100,360,118,346,124,355,126,381,115,374,134,379,122,385,124,337,134,359,129
648,233,344,121,350,102,330,129,342,126,390,134,352,129,348,137,367,135,364,119,364,136
653,217,351,130,345,100,348,108,349,125,374,138,382,111,335,123,384,123,395,101,377,131
673,205,337,115,360,110,356,112,349,121,373,135,386,122,360,128,369,120,371,111,371,116
645,227,362,116,338,127,365,146,344,118,394,126,339,127,360,121,365,130,348,125,349,128
661,217,368,112,344,125,355,112,358,122,406,118,345,123,369,131,351,106,350,121,374,132
643,233,353,119,348,122,326,115,341,127,386,132,352,146,383,122,376,120,349,114,352,141
688,199,360,101,358,105,352,102,348,117,367,112,357,121,395,119,355,115,373,140,383,133
637,220,335,107,349,110,358,116,362,107,375,128,360,113,368,143,381,119,369,125,384,134
666,195,365,99,377,106,361,104,361,105,373,100,364,125,386,116,389,102,351,126,405,124
670,198,353,116,359,100,343,117,362,113,411,132,380,120,358,121,371,112,369,125,348,122
666,211,338,104,337,112,366,110,346,125,398,121,382,121,382,117,387,114,356,109,370,128
678,208,371,113,348,98,345,115,369,107,366,122,362,133,399,115,350,138,364,136,345,118
614,234,360,133,335,141,338,108,333,120,332,146,368,133,347,127,364,126,405,145,366,125
635,226,359,131,352,123,341,115,330,134,378,118,357,138,393,112,365,111,378,116,370,118
658,197,366,124,363,120,368,90,353,106,372,118,377,130,377,117,351,125,348,119,403,118
657,235,379,108,352,113,322,136,337,119,361,109,374,128,363,136,361,146,366,134,343,121
657,218,332,123,335,106,333,115,341,119,378,123,403,107,365,132,382,105,387,122,385,132
628,232,347,117,344,141,340,112,327,131,348,138,394,130,376,153,340,123,337,141,373,128
609,227,345,113,331,119,346,137,358,126,367,130,341,136,344,146,340,150,389,145,382,119
688,182,374,105,348,104,373,110,369,102,366,130,354,126,380,116,393,122,386,96,364,112
646,213,350,90,330,126,343,118,329,128,372,117,396,118,396,125,372,130,390,112,379,120
667,200,363,95,348,123,337,124,343,108,396,127,396,95,393,132,366,124,385,116,330,132
671,228,336,107,372,101,354,96,323,134,392,120,370,123,386,128,354,120,394,116,358,117
658,214,357,113,344,114,352,119,352,106,364,98,385,126,368,134,392,134,371,122,369,108
652,208,343,110,357,110,350,131,363,92,393,116,368,135,379,117,359,120,382,120,350,145
671,202,353,119,342,116,349,113,359,102,370,119,365,113,373,123,376,143,385,110,379,118
640,201,362,114,362,118,346,116,330,114,365,118,376,146,349,139,365,141,377,118,368,135
656,203,354,100,359,107,352,114,337,115,367,125,343,117,403,122,382,142,383,128,349,142
649,225,346,119,348,119,341,132,366,96,373,123,353,150,394,112,366,133,337,117,386,115
629,223,346,128,319,121,307,130,347,111,401,123,376,137,384,117,345,128,381,140,371,136
685,207,348,103,350,110,357,104,338,93,358,126,377,137,353,129,387,117,370,129,385,137
661,202,372,101,355,108,334,122,356,114,400,131,370,144,378,121,379,128,335,110,345,134
604,213,359,123,352,128,346,122,339,135,361,114,364,116,353,126,393,118,376,133,391,134
656,221,333,114,339,105,351,116,349,124,358,137,392,120,379,129,361,104,366,132,380,134
635,218,357,116,327,131,356,117,356,112,381,126,361,112,350,120,374,142,376,118,400,115
658,195,329,105,326,115,361,116,369,101,352,138,366,124,369,117,393,149,368,122,374,153
622,230,366,105,335,131,337,112,350,129,379,121,356,137,396,105,373,123,369,146,351,127
609,243,331,127,331,147,350,125,329,116,350,138,370,138,369,145,361,120,384,137,338,142
632,235,336,111,329,142,357,130,347,127,368,137,359,124,391,125,342,117,387,124,346,134
646,201,365,108,334,104,346,124,353,120,368,120,358,121,350,123,393,123,390,126,368,159
645,228,337,105,370,102,357,108,357,104,396,108,391,119,365,101,354,119,391,126,395,122
649,221,342,105,348,115,345,119,351,131,401,103,367,128,357,122,371,117,409,122,375,102
688,210,357,126,343,113,360,112,343,105,377,135,376,133,357,121,341,123,388,111,372,109
645,210,323,129,352,116,346,113,345,119,385,115,384,104,382,127,359,117,376,134,389,130
676,199,355,105,327,111,387,106,376,108,366,117,382,116,370,138,364,103,376,121,384,113
655,208,365,116,343,114,360,93,347,120,399,119,367,117,355,110,383,117,395,108,379,130
669,215,351,113,354,106,325,113,337,131,388,146,356,128,347,134,371,124,387,134,371,100
661,198,366,98,352,124,374,103,368,111,347,121,358,122,379,124,399,126,346,119,382,122
618,228,322,120,335,131,341,131,343,126,378,126,374,126,380,141,381,115,373,129,368,114
611,222,359,106,334,120,346,132,353,136,342,114,374,126,417,101,381,115,362,140,374,135
624,234,363,113,358,130,337,127,342,124,340,133,375,139,375,108,366,127,363,119,388,115
648,224,351,115,365,116,368,106,354,121,373,122,349,97,351,134,392,125,362,135,373,119
657,220,351,108,333,117,326,126,334,109,380,120,387,124,362,94,428,125,379,123,360,137
658,216,347,111,353,104,356,110,344,113,353,111,353,141,402,135,375,121,377,126,393,101
662,201,377,124,373,112,343,115,351,109,372,124,399,130,355,114,356,112,374,125,341,131
647,215,357,112,335,130,363,115,359,112,372,129,366,133,377,125,373,129,328,129,373,121
642,227,340,114,337,122,340,126,357,110,396,115,390,121,385,113,351,133,359,135,377,110
634,211,352,125,342,105,371,118,319,124,337,142,382,125,402,111,348,130,367,118,389,148
661,215,338,136,344,124,331,125,353,110,378,123,355,143,353,110,376,125,352,136,394,118
630,235,348,105,357,119,336,118,362,113,383,113,336,125,390,145,377,128,362,116,374,128
649,205,361,123,355,127,359,113,362,111,362,128,355,131,342,119,387,135,357,126,368,125
645,220,349,113,336,121,344,123,340,117,375,123,417,127,361,128,368,124,349,128,364,128
603,241,344,132,330,131,346,130,329,128,386,130,391,110,375,122,378,126,376,119,354,119
646,208,347,118,355,113,330,120,357,116,383,115,397,110,380,126,366,110,379,126,374,124
671,220,348,120,348,110,334,122,352,111,356,143,375,128,385,122,336,139,375,124,372,109
682,198,361,114,354,110,360,97,383,98,361,117,374,131,367,110,361,122,389,111,382,118
639,207,363,110,338,115,336,110,348,101,368,147,388,119,363,121,400,120,386,121,384,116
653,231,372,113,343,128,364,125,342,111,391,122,364,97,362,129,342,126,352,115,396,122
629,228,337,140,334,117,353,111,333,126,387,104,405,127,385,152,354,114,367,109,375,113
633,210,357,127,343,129,364,114,343,128,381,141,393,111,361,119,370,119,375,116,359,107
623,214,374,107,344,121,343,120,354,124,387,129,343,152,362,115,352,126,380,112,373,145
656,189,356,117,358,137,375,106,352,117,373,128,374,117,360,121,361,127,372,127,361,116
691,220,349,100,355,113,323,122,360,113,374,132,358,116,379,121,380,133,336,127,366,132
646,229,334,102,333,116,351,133,341,127,342,124,358,128,398,126,385,119,348,143,378,139
659,211,332,111,350,104,348,120,317,125,412,111,365,131,402,140,358,136,355,112,398,103
623,207,324,129,365,106,366,110,366,113,397,109,361,124,378,131,371,123,368,117,395,117
635,228,358,113,361,109,351,129,318,120,395,114,362,139,383,131,359,110,355,115,390,125
620,207,347,123,353,120,364,119,368,114,382,125,374,121,375,141,361,123,357,108,375,123
631,230,364,121,319,122,347,115,338,126,357,130,367,129,377,121,370,125,386,115,374,136
649,215,338,126,358,130,348,117,357,119,378,125,364,116,378,116,350,128,358,114,380,136
650,203,360,111,351,115,340,102,349,117,343,150,363,119,405,128,388,129,369,108,369,131
654,222,356,93,346,110,333,112,353,123,395,118,376,112,394,121,369,103,369,126,365,150
665,199,357,97,351,106,352,109,369,104,377,130,382,134,346,120,397,116,345,133,397,114
643,219,368,116,341,117,336,106,335,118,411,121,381,106,352,122,369,112,372,129,392,134
645,233,330,129,333,126,327,127,339,115,372,141,356,120,367,122,377,127,387,139,365,123
663,195,373,117,344,109,347,108,360,109,369,116,389,106,379,115,373,112,386,114,399,117
664,209,376,111,359,98,389,91,355,113,349,129,384,109,376,129,379,102,345,112,391,130
637,229,337,128,344,121,350,122,343,121,374,119,372,122,368,109,363,126,406,112,380,117
632,204,359,88,352,107,354,119,356,123,395,111,366,123,375,144,400,111,347,129,373,132
680,199,368,126,356,98,328,117,357,93,351,142,366,127,364,120,361,122,383,112,407,123
619,233,355,115,343,130,332,120,351,126,365,124,394,139,382,125,352,127,346,120,380,122
623,223,363,114,327,124,337,127,343,115,382,115,385,133,385,132,357,112,368,120,371,144
625,239,341,124,349,114,351,115,361,130,333,108,346,133,354,151,382,149,366,135,373,121
631,234,330,134,334,132,319,135,330,121,385,128,361,139,361,125,374,140,359,135,346,147
592,231,371,110,322,128,337,116,334,132,371,130,358,120,433,104,376,113,380,122,383,137
643,223,349,127,339,120,337,116,356,116,363,134,366,129,377,118,397,136,351,109,369,125
631,232,327,117,345,120,370,109,327,140,370,128,359,116,371,138,383,114,377,127,375,124
645,229,376,119,353,109,353,115,354,121,368,120,345,118,364,128,398,131,358,111,370,115
633,219,349,119,349,122,344,109,341,132,396,109,341,107,366,127,366,126,404,123,388,130
648,204,356,125,345,110,371,113,348,111,359,110,374,128,376,134,374,111,389,128,365,121
638,213,363,113,327,119,345,108,339,129,395,122,353,144,380,117,367,111,396,119,375,127
649,208,368,99,370,114,348,127,348,108,388,110,365,132,368,105,382,126,360,128,361,136
654,187,381,118,345,109,356,110,363,118,368,125,371,115,377,137,392,118,372,111,374,99
623,213,348,110,346,129,361,114,351,122,374,105,408,119,373,126,380,118,382,108,361,129
677,194,362,120,337,111,349,105,354,107,374,116,372,128,381,113,376,121,359,125,390,129
647,219,340,95,359,110,336,121,324,136,394,129,353,135,328,131,382,132,372,148,371,138
662,223,352,130,368,108,337,121,353,116,376,118,348,124,388,140,351,138,370,105,346,126
639,217,354,118,328,128,335,104,351,125,393,138,359,101,377,117,388,130,370,132,368,128
643,219,352,127,374,107,341,120,345,136,389,110,379,113,339,128,378,127,344,121,382,126
629,229,349,132,338,123,352,117,341,117,378,113,387,140,375,129,378,101,378,112,349,133
622,225,361,121,355,125,358,117,349,113,386,124,340,112,401,142,334,136,393,117,362,107
653,209,345,137,335,125,358,111,355,114,350,147,389,117,369,112,367,125,373,133,377,99
645,225,325,128,330,118,344,130,353,125,349,151,395,120,384,123,327,127,373,122,405,101
667,189,374,88,341,113,376,100,344,113,378,120,409,94,402,136,347,129,373,117,371,119
610,244,353,131,329,124,340,126,337,136,362,114,355,129,366,128,357,126,373,137,402,121
628,255,327,131,322,135,318,131,352,132,366,139,346,110,368,137,353,138,391,130,351,140
640,228,335,117,347,119,347,127,366,118,346,127,375,143,363,128,379,114,356,121,380,124
666,187,379,101,361,108,351,108,356,103,370,128,368,126,378,110,376,122,360,115,379,148
663,206,383,115,347,123,349,123,348,112,386,121,362,131,367,115,336,153,366,109,364,121
643,225,358,121,365,115,325,121,346,112,373,137,346,127,402,118,368,134,346,115,373,130
648,220,347,120,335,116,334,123,335,122,375,119,358,142,337,124,353,139,392,125,380,156
682,199,355,114,356,109,357,98,360,112,379,129,388,123,397,133,351,103,384,105,360,106
640,226,340,108,325,112,335,115,362,130,395,126,366,130,371,133,368,112,388,121,371,126
643,226,361,107,362,115,343,120,340,135,350,127,346,120,393,114,360,139,413,115,340,131
633,209,350,121,354,125,340,135,354,119,354,135,350,107,345,123,374,129,399,138,379,127
655,193,347,105,346,111,363,106,339,104,402,126,367,118,390,124,407,125,370,118,354,130
647,228,355,116,342,112,344,129,327,126,347,108,375,131,401,133,347,143,353,138,366,132
627,229,354,141,340,128,331,120,353,118,362,136,351,130,351,118,375,132,354,128,406,116
630,218,337,100,350,123,380,116,345,118,376,125,375,134,357,125,343,127,351,145,393,132
678,209,344,116,348,98,352,119,346,116,388,124,349,122,389,142,363,121,387,120,366,103
625,240,322,121,343,126,349,109,316,130,356,144,356,122,402,126,397,116,353,136,383,128
620,231,355,134,362,125,351,113,334,124,343,119,358,108,387,117,376,123,382,127,388,123
669,206,363,114,338,105,371,103,343,117,347,134,372,133,392,119,368,125,349,130,378,124
655,206,342,104,341,120,343,104,346,115,359,137,351,134,386,123,421,125,358,133,363,134
628,225,335,134,356,121,360,124,327,110,354,142,356,140,369,131,360,131,377,118,384,118
637,238,328,127,347,116,348,105,355,115,373,129,394,115,350,143,402,113,359,120,358,128
654,202,382,101,354,108,369,110,353,109,393,111,326,112,384,134,363,137,374,122,378,124
628,237,328,119,353,119,337,116,352,127,375,123,350,136,385,121,377,110,349,121,400,137
628,221,348,105,345,127,358,116,349,114,390,133,366,130,384,109,357,133,371,114,378,124
667,217,341,113,355,110,349,113,368,98,352,147,379,110,368,116,360,140,384,135,357,121
656,204,355,125,346,118,359,113,339,120,373,118,364,122,393,138,392,107,353,109,387,109
638,200,360,130,346,102,349,117,325,122,348,115,396,122,357,131,379,120,398,135,380,130
667,206,342,120,352,106,355,104,368,115,364,129,368,119,383,115,393,121,370,131,360,112
628,243,348,129,345,127,328,133,350,116,356,126,319,119,398,126,367,129,377,131,366,139
668,186,364,108,354,94,349,109,372,98,377,122,379,100,367,119,404,119,390,118,394,109
654,200,346,115,350,109,347,129,358,98,327,127,370,130,402,123,368,139,377,124,361,146
655,217,339,117,342,132,369,103,346,118,353,114,376,113,347,138,369,118,390,128,382,134
625,223,346,128,353,124,349,124,347,140,393,109,352,114,372,144,359,125,357,113,388,115
630,224,341,135,366,124,357,118,333,119,335,125,346,133,359,135,399,110,397,124,360,130
628,215,353,110,357,118,342,124,337,127,375,119,359,121,347,138,407,116,395,110,391,111
675,209,341,131,338,114,349,111,350,127,381,127,376,113,351,125,386,132,367,139,348,110
655,224,325,104,347,119,356,121,340,122,408,100,370,133,376,127,378,110,367,125,381,112
641,203,339,119,343,120,358,126,358,100,402,128,365,134,370,116,381,130,374,100,387,106
648,222,336,133,358,119,361,111,343,122,348,119,368,118,371,144,368,109,362,137,382,121
661,223,340,129,357,106,328,113,339,128,404,133,350,122,342,131,339,135,394,124,367,135
671,198,347,105,345,106,361,105,365,94,369,124,389,111,394,118,395,101,395,109,372,126
644,218,362,127,323,122,369,119,339,122,371,123,346,132,339,145,377,144,341,125,395,117
641,228,344,116,343,118,333,114,339,128,375,119,384,126,357,135,389,119,386,119,368,119
648,198,366,122,357,111,345,110,355,110,375,106,381,120,385,107,348,124,392,114,396,130
642,218,347,115,342,112,348,123,346,131,358,135,381,130,378,133,360,108,367,128,357,141
645,234,366,127,330,112,338,132,341,123,397,110,379,116,340,133,370,127,366,113,376,125
665,214,358,102,356,119,331,121,347,109,378,131,377,122,367,129,357,121,387,130,357,122
677,203,372,94,370,107,368,120,363,116,345,117,394,136,358,95,380,124,359,125,361,116
641,235,331,107,342,135,336,133,362,116,350,126,350,130,386,116,363,147,359,132,383,120
669,222,357,117,344,101,359,120,348,104,408,121,344,146,367,147,363,121,348,130,347,117
692,193,348,104,349,107,349,127,361,93,375,120,325,135,411,108,349,152,372,139,365,126
657,209,364,105,352,111,350,113,346,121,370,121,366,117,389,126,387,129,376,126,348,117
659,201,345,109,341,117,347,126,373,111,375,110,354,138,407,116,372,126,358,110,383,122
635,245,346,130,351,120,354,130,321,139,359,103,346,109,390,136,385,119,360,131,369,122
627,208,346,119,339,138,357,121,341,131,394,127,368,111,352,142,356,117,369,141,377,119
671,204,351,110,351,123,358,84,341,114,367,138,381,135,368,121,366,124,363,145,353,132
669,203,343,114,354,121,367,98,345,111,384,128,391,135,369,108,356,121,372,116,373,122
633,217,344,123,330,131,348,129,350,128,382,122,340,123,376,109,352,146,360,144,382,131
657,206,354,115,338,129,346,126,348,110,378,113,414,122,373,128,359,127,374,125,347,111
647,215,345,129,338,133,325,126,346,113,339,141,365,146,349,123,373,141,349,140,366,151
664,218,356,110,330,114,329,114,358,107,372,138,394,112,366,114,379,121,385,115,392,112
643,199,366,123,339,102,346,117,347,103,371,103,390,139,364,126,383,135,378,126,387,113
634,245,333,139,331,137,338,129,335,126,358,135,359,137,343,116,393,137,352,148,365,110
647,220,344,124,343,110,342,119,355,119,392,121,337,144,377,111,379,122,389,134,379,92
633,199,350,125,344,107,354,113,370,107,379,126,380,122,350,127,364,120,382,131,397,120
681,189,382,94,348,113,358,107,373,115,388,129,360,130,361,128,358,124,353,106,371,132
638,235,343,119,344,138,323,125,342,129,353,139,393,123,388,134,381,123,346,113,339,132
645,211,337,124,354,106,354,114,361,108,400,110,360,144,375,144,394,117,362,118,342,120
650,217,354,121,349,118,346,104,337,110,385,126,359,115,403,137,405,112,339,119,378,116
636,224,337,123,347,105,359,114,356,110,364,131,373,113,383,125,393,116,375,113,363,140
648,214,317,118,345,97,354,107,352,101,409,144,359,133,372,114,400,115,377,128,378,118
672,203,370,106,360,117,368,106,373,105,377,104,390,111,367,135,368,124,338,114,385,107
652,213,337,118,358,114,336,112,353,123,369,121,384,128,371,121,374,113,345,128,399,131
657,212,364,123,354,130,366,117,349,110,335,113,387,128,361,121,383,121,362,118,384,105
633,240,354,132,333,131,328,116,327,121,365,117,362,130,370,148,373,124,380,125,351,140
651,223,348,114,344,118,349,119,351,109,369,120,376,120,371,128,358,141,392,109,378,112
654,222,344,114,353,116,338,123,363,123,385,116,377,121,350,141,363,140,343,108,363,143
661,216,343,113,343,122,357,127,356,116,374,114,380,128,369,118,357,126,361,118,364,137
624,231,344,123,369,112,356,130,334,112,349,134,378,126,357,147,399,141,351,121,331,131
637,230,331,133,338,128,338,122,345,115,381,128,377,124,366,130,375,124,386,110,374,108
677,186,349,108,362,99,361,128,344,128,392,131,361,117,400,104,360,116,383,123,354,117
638,219,351,110,337,125,364,112,323,116,356,135,348,146,378,119,403,131,369,136,349,135
648,208,348,123,336,122,351,111,348,117,357,138,362,118,375,120,386,104,382,147,381,118
645,200,338,122,334,115,350,95,365,102,351,136,383,120,385,129,395,137,378,136,373,111
653,222,341,116,347,112,358,119,339,120,356,111,374,125,364,111,385,145,393,127,363,119
658,220,344,118,356,123,342,112,357,99,384,141,363,133,367,118,347,136,361,127,375,119
643,209,337,107,341,124,377,105,349,113,386,118,355,118,367,131,382,123,403,120,381,111
637,224,354,102,347,124,353,116,333,121,374,123,364,128,372,117,412,117,362,131,351,138
657,211,359,99,360,120,371,119,342,106,399,116,391,120,356,126,335,121,397,106,372,117
651,234,355,131,349,117,349,107,360,112,348,129,355,115,378,139,351,124,364,115,392,125
644,221,344,111,365,117,355,100,358,127,370,128,394,107,342,141,370,116,379,119,357,135
669,205,349,115,384,94,354,132,354,111,389,105,380,120,355,112,359,128,390,95,377,123
638,213,340,116,363,118,323,114,336,100,393,144,355,134,389,118,390,121,386,126,345,138
656,207,357,126,338,106,360,110,340,125,354,113,410,128,367,123,342,138,367,147,360,126
660,192,364,95,361,93,366,112,339,112,418,94,362,99,376,140,379,119,391,109,390,129
648,205,359,105,347,92,356,120,337,125,386,123,393,151,339,132,373,108,353,120,375,153
650,203,366,116,346,109,362,117,378,96,370,119,341,124,377,115,400,122,375,137,362,115
653,234,363,112,336,135,332,128,341,128,398,117,348,129,352,132,327,147,355,109,412,112
647,225,345,111,364,115,356,119,349,120,366,119,384,106,376,125,379,101,385,127,365,116
618,232,354,118,335,125,347,119,332,127,369,143,385,125,361,130,353,126,366,137,386,112
656,216,349,113,349,115,336,120,326,123,379,127,393,98,374,133,385,125,382,106,378,117
678,197,349,115,329,101,377,107,339,106,393,110,394,117,398,120,368,110,358,136,375,123
641,244,348,117,352,121,336,115,343,121,380,123,358,139,369,127,366,109,376,123,362,130
641,218,361,112,335,122,345,119,341,138,364,113,355,119,341,153,375,122,378,134,376,138
673,216,316,125,360,103,368,117,347,107,365,131,370,115,382,156,360,105,349,122,402,111
652,221,339,127,359,104,351,121,372,122,359,131,345,116,372,141,366,105,379,123,372,123
631,219,352,126,317,129,338,127,336,124,355,120,421,117,376,119,337,129,418,124,377,108
636,222,358,127,325,123,356,106,343,126,365,118,373,133,385,123,319,124,361,173,369,135
652,217,353,114,342,112,342,108,335,134,363,120,388,135,382,122,371,113,371,125,366,135
644,222,341,123,328,118,329,112,352,106,372,127,390,126,362,126,398,116,362,138,393,115
664,209,341,117,376,105,353,109,350,115,381,106,366,113,364,126,388,118,371,129,390,109
647,212,342,114,356,112,344,119,341,123,378,116,354,121,404,124,379,101,374,119,380,140
656,215,345,123,352,117,351,112,356,115,379,138,354,114,354,123,382,137,412,110,332,123
634,228,344,135,343,126,331,113,347,135,365,119,385,135,382,128,342,138,354,127,352,137
644,206,340,111,359,117,351,119,366,109,367,109,388,113,365,134,360,131,372,134,379,126
657,219,329,120,355,123,338,109,346,117,387,129,421,125,355,136,359,103,345,131,382,114
665,208,358,113,344,111,347,129,371,105,341,138,367,126,400,101,372,116,358,115,390,125
651,201,361,107,348,103,361,93,377,119,387,97,392,122,367,124,356,141,353,118,408,114
650,229,330,119,355,119,332,135,344,100,406,123,348,125,350,134,389,117,398,107,359,131
630,219,353,119,346,125,339,111,332,124,358,123,366,114,421,110,368,97,398,122,393,132
669,221,353,115,340,133,340,121,330,116,349,124,372,107,398,108,392,129,386,140,340,117
639,221,350,113,357,116,352,108,334,125,382,118,371,106,383,135,355,136,376,129,366,128
667,214,356,129,366,122,351,111,351,111,349,125,390,126,340,109,364,115,366,130,387,121
662,218,342,120,354,115,368,118,331,118,375,117,363,133,392,113,376,111,352,137,345,140
626,213,355,118,359,117,342,117,359,119,365,126,382,112,381,118,358,112,381,123,394,123
628,215,340,131,346,115,343,130,345,122,351,127,370,128,380,135,338,127,382,124,390,133
630,233,363,114,342,121,344,129,345,112,377,131,364,129,398,108,392,130,344,113,360,121
631,211,348,108,341,114,343,138,342,121,373,117,359,130,376,115,346,131,407,117,389,143
657,206,377,100,343,108,353,117,336,111,395,136,376,108,388,110,388,124,360,112,366,129
632,210,357,113,333,128,335,118,352,127,370,125,368,122,360,114,353,141,381,131,409,121
663,199,340,115,353,116,353,109,347,122,370,109,385,122,372,109,380,122,375,113,407,119
632,224,344,102,348,118,375,117,333,125,351,129,398,128,366,119,376,150,389,101,363,112
626,241,346,133,348,118,331,130,337,141,383,113,354,113,401,120,370,116,373,118,357,131
660,214,366,112,358,100,346,113,352,119,364,127,398,111,356,143,386,120,354,121,350,130
665,217,354,116,354,109,356,115,348,118,363,133,344,118,383,123,379,124,376,106,370,129
684,217,371,111,365,105,358,102,343,112,361,123,370,121,364,130,359,137,339,131,374,123
668,217,355,99,330,114,351,112,357,105,365,127,370,115,380,124,353,145,365,150,380,118
655,205,347,95,369,103,336,116,348,121,357,112,398,127,371,110,404,126,384,115,370,131
636,229,350,108,345,115,358,120,352,104,428,132,368,137,348,119,331,117,401,120,366,116
648,231,353,105,337,118,331,127,339,97,381,128,389,122,381,107,383,125,376,124,374,124
673,208,358,116,332,115,366,104,351,100,361,132,355,130,405,138,376,123,361,102,376,118
655,195,364,99,350,107,352,118,372,112,330,122,397,135,385,117,359,126,385,142,360,118
652,218,349,119,333,117,365,127,356,101,346,125,355,138,371,123,379,119,393,125,367,122
626,221,350,120,342,120,354,129,348,128,375,145,383,119,371,140,368,130,333,128,349,121
651,206,362,114,349,115,369,105,341,118,357,121,372,116,367,140,409,100,367,98,394,129
628,230,356,100,356,121,335,126,334,124,374,129,361,116,379,128,360,124,373,137,386,123
660,199,328,120,361,114,344,112,333,117,391,138,355,138,360,132,366,149,351,116,382,134
641,216,356,126,352,122,357,110,338,110,349,109,363,129,370,142,376,118,381,124,368,143
648,219,344,122,352,118,340,121,327,113,419,107,356,116,345,124,351,122,399,144,404,109
657,211,365,123,342,117,339,115,343,114,363,116,404,122,387,106,409,128,342,109,361,127
648,208,356,119,342,130,364,108,357,106,357,132,386,119,384,118,381,122,362,117,360,124
635,223,347,121,347,107,359,111,349,125,379,123,394,114,340,114,367,122,401,125,374,123
650,199,349,110,343,108,355,98,353,106,336,111,408,116,353,137,416,133,380,154,372,113
615,246,331,130,343,128,324,123,346,122,380,113,377,135,357,133,360,146,375,129,377,110
647,213,338,108,345,101,346,127,360,111,389,118,372,137,365,147,361,141,359,120,382,113
645,209,356,128,354,112,376,108,351,123,369,126,382,110,367,132,383,112,371,123,341,122
633,218,351,111,352,102,350,121,346,113,371,128,402,116,383,125,400,116,386,122,343,111
641,234,348,115,327,124,340,129,349,120,367,115,398,121,353,127,355,126,383,129,358,141
647,222,373,113,341,123,327,128,348,108,385,124,358,120,355,141,360,137,372,130,379,109
651,215,363,114,352,107,345,128,349,123,393,114,347,120,374,127,381,128,367,131,359,112
636,220,347,113,345,115,360,113,348,104,347,119,380,122,413,135,361,132,372,118,390,110
659,214,350,91,352,103,374,108,341,114,354,130,380,118,369,128,384,134,379,124,384,110
633,233,343,121,353,125,356,119,336,142,385,132,366,122,354,125,383,128,352,123,328,141
675,196,360,93,346,115,396,88,364,112,391,112,365,118,366,121,367,97,367,123,407,121
659,213,338,105,354,104,360,119,357,108,393,123,404,134,396,118,368,107,350,108,365,117
661,215,359,109,369,117,354,117,365,97,353,113,377,141,363,128,339,137,392,124,353,117
663,216,363,112,357,101,348,110,330,110,382,124,380,117,365,151,367,108,386,118,368,124
643,212,372,106,332,125,317,127,361,109,376,122,404,104,379,127,364,142,372,123,354,129
663,231,342,113,373,125,345,123,359,103,348,129,379,108,380,111,368,129,388,108,360,115
642,219,360,99,344,111,348,103,359,131,384,126,413,116,324,120,376,118,405,120,363,119
651,213,339,115,361,120,353,105,368,114,343,111,349,127,394,130,411,112,383,119,353,129
617,253,337,103,341,124,315,138,325,127,409,138,374,116,396,126,351,137,353,124,363,133
644,203,355,124,337,105,352,114,360,120,384,119,380,106,374,103,375,124,392,129,376,124
660,223,364,115,340,113,361,108,322,112,359,142,374,102,372,121,392,136,372,104,390,118
641,223,354,121,329,118,319,126,365,112,374,121,361,128,364,127,400,116,408,112,354,127
671,204,348,113,360,110,363,100,350,111,367,110,365,128,359,143,353,117,379,121,407,121
637,229,343,130,345,113,361,113,360,116,365,121,364,140,366,123,370,133,376,121,355,119
680,183,379,106,362,101,350,131,358,110,381,130,362,106,353,119,371,144,358,106,398,112
620,226,364,111,357,116,319,132,321,120,375,120,368,127,357,121,407,134,385,121,380,119
619,235,338,120,341,127,325,129,340,125,367,110,369,148,363,130,387,133,371,136,353,134
654,219,364,108,340,126,358,105,333,121,388,117,349,126,366,147,383,118,357,122,379,120
664,214,343,121,323,112,345,125,360,116,395,111,336,126,385,125,348,128,386,136,388,113
647,232,331,123,354,109,318,124,346,121,395,118,325,121,368,121,370,136,385,122,396,138
649,203,373,118,382,105,364,115,344,109,367,112,356,122,381,138,348,116,389,109,380,120
653,210,319,130,347,115,365,120,337,118,384,134,356,116,351,113,392,112,394,135,376,123
643,201,360,119,346,110,343,117,360,123,343,122,375,129,397,139,382,124,370,117,357,123
651,219,341,119,352,113,332,116,359,111,380,143,337,124,372,120,413,116,379,133,363,107
663,226,347,121,345,104,335,123,335,125,387,131,380,109,362,119,348,140,381,117,380,122
633,229,363,112,356,112,365,109,355,114,392,126,368,103,367,131,371,136,375,123,323,137
639,219,349,109,368,120,328,126,348,117,393,116,371,114,399,129,375,129,377,126,339,109
641,223,342,116,338,121,330,123,362,117,384,121,375,133,353,123,364,144,390,129,348,123
636,237,337,120,326,115,362,116,324,123,380,133,347,105,367,127,406,132,361,128,396,122
650,215,338,100,351,117,342,100,352,113,396,127,398,119,365,126,403,109,355,130,373,121
641,210,357,123,353,119,336,122,372,118,369,131,348,148,354,124,366,120,358,129,367,135
668,211,380,102,349,127,367,104,352,120,397,108,379,115,342,133,355,119,373,105,378,116
649,209,356,130,343,110,335,114,362,109,361,136,380,103,371,131,391,111,376,119,346,158
596,255,328,133,331,125,334,137,350,135,364,129,353,151,365,133,376,142,355,132,353,123
676,204,350,109,361,105,354,114,342,133,336,133,390,134,382,118,336,133,366,121,378,125
642,216,340,129,335,112,344,110,336,125,365,125,362,113,367,145,395,124,369,126,392,128
644,202,345,111,352,126,329,118,346,111,382,119,354,116,385,129,376,135,378,107,385,150
657,217,351,111,348,120,351,109,339,103,377,142,362,124,388,130,384,108,354,119,381,125
621,213,324,127,351,113,368,112,349,126,345,152,402,129,355,121,377,134,350,140,353,138
648,234,369,129,349,115,343,124,335,115,370,116,364,126,364,122,387,128,367,140,332,123
658,211,353,107,368,102,349,113,344,121,382,121,363,126,388,118,372,142,371,110,350,131
630,223,341,118,345,120,364,115,347,112,364,118,389,119,385,125,373,124,370,105,385,128
629,216,352,124,349,117,348,119,329,137,375,132,384,117,339,125,382,120,367,113,387,139
651,207,353,103,339,114,339,123,368,122,391,131,353,131,362,118,372,123,368,133,358,141
673,200,355,120,367,109,356,109,361,107,365,114,366,123,369,123,360,117,380,122,372,132
626,225,325,131,348,124,335,139,329,116,359,131,351,114,368,131,370,117,414,139,376,132
645,210,320,118,366,108,369,105,329,119,370,136,377,125,370,137,382,117,350,141,362,144
632,228,363,120,340,126,347,123,350,107,339,137,360,115,394,138,346,123,409,119,359,125
634,221,345,113,354,130,348,112,345,116,411,127,373,147,365,95,349,114,362,131,376,132
613,229,344,126,346,133,350,110,334,118,347,129,378,113,384,122,368,128,383,115,395,135
661,217,352,115,350,101,351,113,311,108,416,120,348,125,389,130,423,107,343,121,373,126
634,224,368,114,351,127,344,109,358,105,350,135,380,138,353,122,365,121,370,136,377,119
644,204,344,110,369,98,361,111,351,110,375,131,360,116,355,123,390,111,382,138,391,126
640,215,367,120,354,118,350,121,361,110,348,107,357,125,385,127,380,141,378,140,335,121
685,223,362,121,343,102,334,120,358,101,370,131,372,107,334,131,369,138,398,104,385,112
655,226,342,120,350,109,346,120,339,128,363,125,395,122,373,134,386,126,333,124,345,139
674,224,359,102,349,113,360,121,342,112,393,126,364,125,340,121,371,117,355,115,365,152
635,225,341,129,363,143,331,110,366,116,348,108,366,128,341,139,364,127,385,108,392,135
660,212,354,100,358,110,339,123,374,107,369,127,384,130,364,127,383,135,347,127,358,112
675,196,360,109,360,112,356,109,344,110,381,120,393,114,356,139,370,115,366,121,370,124
609,233,367,110,338,127,360,130,323,122,401,109,380,113,394,115,367,134,379,135,333,121
604,245,343,131,316,146,328,132,368,124,343,141,397,137,389,106,347,139,381,116,346,121
657,216,330,114,343,115,360,114,348,126,402,127,348,116,360,131,356,140,385,109,379,124
629,230,357,119,371,103,343,117,351,116,366,114,336,143,363,141,360,124,392,119,380,126
652,211,373,118,375,107,334,127,346,109,379,123,360,127,376,130,334,127,353,122,390,127
653,221,365,101,357,109,362,113,336,123,376,125,387,117,393,111,358,99,365,115,388,126
625,224,329,123,339,128,348,109,359,121,354,153,350,129,358,134,402,128,325,123,416,123
632,219,357,121,338,116,345,124,351,117,386,130,357,108,380,130,343,132,365,134,384,131
672,205,350,114,351,107,329,109,355,114,372,126,382,127,401,111,389,94,378,119,347,148
655,216,337,104,369,114,362,119,354,105,390,96,378,112,365,125,382,107,407,123,358,122
625,220,356,138,346,125,365,114,357,108,342,145,349,123,385,129,379,121,378,119,357,119
667,210,374,114,356,108,359,114,346,106,373,142,360,113,373,117,360,140,363,120,350,135
651,194,331,107,359,115,369,98,368,96,375,112,382,146,369,137,385,118,388,135,360,105
639,228,337,113,346,134,358,106,343,116,365,141,362,102,392,145,366,136,365,134,349,123
633,211,352,114,352,120,343,111,354,105,367,114,403,122,406,133,362,105,374,139,379,101
650,215,354,114,358,113,356,103,346,125,377,119,372,125,348,113,416,125,369,125,343,134
664,222,364,121,344,117,329,124,360,109,394,134,338,130,355,123,369,116,355,117,374,141
621,220,356,135,339,135,330,111,337,96,364,117,368,127,374,143,376,136,399,125,380,111
672,205,378,101,344,113,351,111,344,115,339,125,365,132,350,135,381,108,396,138,357,140
649,207,350,125,358,123,344,102,341,107,381,117,377,125,379,119,383,135,345,112,398,123
649,200,357,120,365,119,342,136,370,112,349,122,351,128,378,122,377,112,376,128,383,104
642,223,360,119,357,104,354,113,330,112,336,136,384,130,387,115,367,125,369,140,360,137
631,234,332,128,336,117,350,118,360,125,371,99,395,120,364,128,384,118,349,133,389,119
629,227,349,122,343,122,325,114,338,129,371,118,366,129,376,124,366,125,386,134,370,137
657,207,348,105,369,101,353,99,353,112,399,127,351,126,391,120,353,133,370,131,376,119
647,203,369,110,346,120,352,115,362,101,356,122,350,119,377,128,375,127,384,121,370,146
652,213,346,127,363,110,349,100,336,120,371,105,394,117,352,135,345,120,382,133,394,136
615,241,353,111,336,133,336,131,326,127,351,115,391,113,393,125,360,122,391,118,391,121
673,189,352,100,371,108,369,110,323,106,399,98,377,108,358,118,370,117,395,119,408,132
660,222,344,112,338,125,358,111,346,129,356,120,376,119,380,122,374,131,375,109,355,138
639,207,347,116,347,113,332,132,370,118,394,132,400,124,336,126,367,130,361,125,348,136
647,218,356,109,346,124,347,130,353,103,365,127,352,120,368,108,378,156,379,108,368,138
645,221,367,120,354,114,326,127,328,127,358,128,375,153,379,107,381,113,372,127,357,121
620,225,368,113,346,121,351,106,355,121,379,131,334,112,369,135,389,127,364,130,380,124
646,206,358,108,359,117,361,100,331,119,370,118,400,119,386,125,396,98,352,131,371,129
627,223,350,128,351,113,329,123,341,129,376,119,366,130,340,124,383,126,372,142,377,131
642,207,360,119,343,111,349,111,368,117,375,128,360,106,375,127,356,109,406,111,385,135
636,234,341,133,353,110,350,137,348,115,357,127,333,151,384,129,346,114,363,140,373,126
657,190,364,85,375,98,365,107,356,100,338,115,374,139,405,112,399,128,385,109,395,104
642,215,362,127,353,112,346,123,344,110,392,115,355,143,392,127,349,108,386,106,368,125
652,225,323,128,345,123,354,121,338,123,371,133,403,120,344,134,366,126,368,111,367,125
647,217,369,106,358,114,343,117,349,123,377,132,364,123,350,108,396,134,343,134,360,136
641,234,336,126,347,113,348,122,371,110,357,113,373,113,389,132,387,119,376,125,362,106
635,235,357,114,346,119,350,115,335,121,367,140,371,116,359,122,360,137,376,142,363,120
632,223,347,116,342,119,339,122,342,123,367,137,383,129,375,120,373,129,391,129,333,129
628,239,336,120,332,122,323,119,359,129,369,113,377,111,387,119,371,141,366,129,376,134
630,226,348,128,326,133,355,123,338,135,366,127,389,110,364,114,369,132,355,130,383,119
635,209,343,107,345,123,343,113,366,114,378,107,373,131,393,119,370,145,386,102,366,132
659,218,360,123,369,113,341,115,347,120,377,114,380,125,387,133,333,114,366,105,393,108
630,239,347,132,336,120,334,141,335,127,375,133,374,143,364,119,351,117,338,114,389,142
659,226,313,120,362,127,335,116,335,131,360,141,369,134,347,136,377,124,393,136,339,120
662,203,342,119,352,122,364,93,369,97,368,138,371,115,376,114,391,118,363,122,382,119
667,201,357,109,375,113,351,110,341,116,384,123,387,103,368,124,378,107,360,134,367,125
646,209,368,112,361,120,330,110,357,117,376,123,367,105,388,126,407,123,353,110,376,116
635,217,335,121,338,123,337,109,358,119,389,129,352,136,365,117,373,124,376,140,378,129
684,212,357,106,342,119,354,95,343,117,391,120,401,118,354,117,391,122,357,119,367,114
663,203,359,96,329,113,398,102,345,104,378,117,389,116,374,127,376,129,404,107,356,115
652,213,354,115,372,114,346,111,316,133,387,115,353,112,369,136,396,117,380,114,360,135
660,205,353,113,352,108,346,118,372,105,351,132,392,118,370,123,365,135,401,104,371,106
660,226,342,127,335,118,358,116,367,107,387,125,347,134,382,120,328,118,399,128,359,117
637,233,343,124,363,120,347,117,368,103,354,126,372,113,371,133,374,133,373,109,379,108
640,212,343,127,323,129,364,102,351,130,389,116,386,125,382,121,320,125,393,114,364,144
647,231,338,127,342,125,348,123,344,110,374,128,387,106,395,130,334,124,376,133,362,116
649,246,318,128,347,135,339,133,323,136,364,134,384,115,337,139,357,120,369,128,374,125
647,225,348,118,317,122,343,116,363,136,414,129,371,123,368,120,343,137,336,116,376,132
671,178,344,122,374,90,366,114,371,93,356,102,356,169,379,108,415,98,377,109,395,113
650,205,329,123,347,115,341,117,353,108,362,136,397,136,370,123,366,130,370,118,375,129
649,193,359,97,363,122,352,133,375,120,365,118,328,125,340,119,396,139,405,110,365,127
660,201,355,103,362,113,349,114,344,115,385,116,354,123,377,119,333,123,403,147,360,144
677,210,357,103,339,107,343,124,343,112,381,118,401,122,391,131,372,119,354,123,344,129
661,194,346,119,357,110,376,102,350,119,395,108,388,116,362,122,389,115,370,114,369,118
642,236,353,110,359,119,340,106,349,123,373,130,387,127,368,111,380,117,358,108,376,128
667,203,347,111,369,110,333,116,344,106,362,116,388,109,394,107,400,120,387,136,359,116
620,268,330,115,334,132,331,139,332,121,382,133,370,137,366,134,355,137,361,110,350,143
687,186,372,103,374,100,355,96,362,96,369,141,379,126,377,114,381,117,368,138,359,100
643,226,352,113,339,134,343,123,346,119,373,134,378,122,381,113,323,120,396,120,389,113
643,229,354,118,327,135,343,137,343,112,356,149,381,127,365,116,358,133,378,110,357,129
652,215,355,118,375,110,356,110,361,112,363,142,361,133,360,126,391,129,332,101,372,126
658,201,329,121,368,115,348,110,368,101,361,104,395,114,390,113,392,116,400,111,373,112
667,199,343,112,364,113,358,103,344,108,406,110,361,127,419,124,396,105,353,110,372,106
644,213,342,126,344,113,330,123,343,122,384,128,384,108,359,140,367,113,376,112,401,128
671,209,336,118,358,100,325,115,339,131,384,123,373,114,390,136,381,136,383,121,341,116
626,221,355,117,361,119,357,129,343,121,351,128,372,122,375,137,356,132,384,111,348,135
633,234,363,121,327,124,364,130,358,125,376,117,349,117,367,134,359,134,353,125,367,123
650,215,363,96,322,121,323,124,346,111,379,126,380,110,386,120,420,124,355,117,379,133
644,224,328,122,365,118,330,130,355,124,383,123,389,132,384,112,358,120,354,123,355,127
659,201,380,116,355,103,342,110,384,105,356,124,346,103,406,115,379,106,388,122,366,134
632,205,353,121,346,122,346,122,373,118,367,119,357,132,367,108,400,119,376,128,375,114
677,220,352,127,331,126,353,105,365,110,329,123,358,114,364,128,369,131,400,119,389,110
629,207,349,114,362,113,353,110,365,107,361,133,379,149,366,153,338,101,383,104,402,122
631,208,344,116,358,123,358,118,356,110,384,113,402,118,383,99,383,117,384,106,355,134
676,190,358,105,354,107,364,111,368,96,365,115,356,122,362,110,384,134,384,136,379,124
625,213,334,119,331,120,364,135,343,122,335,138,374,144,378,131,365,135,334,147,378,135
635,232,330,117,338,118,344,128,328,129,379,133,351,125,373,150,381,138,346,120,389,116
643,234,328,121,343,121,343,125,345,125,353,144,399,136,379,138,348,130,330,141,351,123
631,199,353,134,348,114,347,115,353,110,386,124,377,124,364,137,370,111,372,122,372,137
630,218,358,111,364,115,366,108,351,112,343,125,347,123,384,122,389,117,403,117,380,117
656,208,344,121,360,100,368,107,346,118,374,141,391,113,387,125,336,123,373,120,369,120
653,229,329,123,350,116,350,110,376,107,357,113,380,113,372,124,375,127,389,122,377,108
645,208,349,118,343,114,345,113,338,115,368,108,370,140,377,129,366,144,350,142,374,144
669,206,355,107,331,119,338,119,337,135,383,133,382,124,346,121,383,134,345,145,358,130
662,205,349,115,350,125,357,87,354,125,379,114,387,116,369,128,358,113,386,114,388,119
